--
-- PostgreSQL database dump
--

-- Dumped from database version 15.9 (Homebrew)
-- Dumped by pg_dump version 15.9 (Homebrew)

-- Started on 2025-01-20 16:23:48 +12

SET statement_timeout = 0;
SET lock_timeout = 0;
SET idle_in_transaction_session_timeout = 0;
SET client_encoding = 'UTF8';
SET standard_conforming_strings = on;
SELECT pg_catalog.set_config('search_path', '', false);
SET check_function_bodies = false;
SET xmloption = content;
SET client_min_messages = warning;
SET row_security = off;

SET default_tablespace = '';

SET default_table_access_method = heap;

--
-- TOC entry 214 (class 1259 OID 18601)
-- Name: auth_group; Type: TABLE; Schema: public; Owner: postgres
--

CREATE TABLE public.auth_group (
    id integer NOT NULL,
    name character varying(150) NOT NULL
);


ALTER TABLE public.auth_group OWNER TO postgres;

--
-- TOC entry 215 (class 1259 OID 18604)
-- Name: auth_group_id_seq; Type: SEQUENCE; Schema: public; Owner: postgres
--

ALTER TABLE public.auth_group ALTER COLUMN id ADD GENERATED BY DEFAULT AS IDENTITY (
    SEQUENCE NAME public.auth_group_id_seq
    START WITH 1
    INCREMENT BY 1
    NO MINVALUE
    NO MAXVALUE
    CACHE 1
);


--
-- TOC entry 216 (class 1259 OID 18605)
-- Name: auth_group_permissions; Type: TABLE; Schema: public; Owner: postgres
--

CREATE TABLE public.auth_group_permissions (
    id bigint NOT NULL,
    group_id integer NOT NULL,
    permission_id integer NOT NULL
);


ALTER TABLE public.auth_group_permissions OWNER TO postgres;

--
-- TOC entry 217 (class 1259 OID 18608)
-- Name: auth_group_permissions_id_seq; Type: SEQUENCE; Schema: public; Owner: postgres
--

ALTER TABLE public.auth_group_permissions ALTER COLUMN id ADD GENERATED BY DEFAULT AS IDENTITY (
    SEQUENCE NAME public.auth_group_permissions_id_seq
    START WITH 1
    INCREMENT BY 1
    NO MINVALUE
    NO MAXVALUE
    CACHE 1
);


--
-- TOC entry 218 (class 1259 OID 18609)
-- Name: auth_permission; Type: TABLE; Schema: public; Owner: postgres
--

CREATE TABLE public.auth_permission (
    id integer NOT NULL,
    name character varying(255) NOT NULL,
    content_type_id integer NOT NULL,
    codename character varying(100) NOT NULL
);


ALTER TABLE public.auth_permission OWNER TO postgres;

--
-- TOC entry 219 (class 1259 OID 18612)
-- Name: auth_permission_id_seq; Type: SEQUENCE; Schema: public; Owner: postgres
--

ALTER TABLE public.auth_permission ALTER COLUMN id ADD GENERATED BY DEFAULT AS IDENTITY (
    SEQUENCE NAME public.auth_permission_id_seq
    START WITH 1
    INCREMENT BY 1
    NO MINVALUE
    NO MAXVALUE
    CACHE 1
);


--
-- TOC entry 220 (class 1259 OID 18613)
-- Name: auth_user; Type: TABLE; Schema: public; Owner: postgres
--

CREATE TABLE public.auth_user (
    id integer NOT NULL,
    password character varying(128) NOT NULL,
    last_login timestamp with time zone,
    is_superuser boolean NOT NULL,
    username character varying(150) NOT NULL,
    first_name character varying(150) NOT NULL,
    last_name character varying(150) NOT NULL,
    email character varying(254) NOT NULL,
    is_staff boolean NOT NULL,
    is_active boolean NOT NULL,
    date_joined timestamp with time zone NOT NULL
);


ALTER TABLE public.auth_user OWNER TO postgres;

--
-- TOC entry 221 (class 1259 OID 18618)
-- Name: auth_user_groups; Type: TABLE; Schema: public; Owner: postgres
--

CREATE TABLE public.auth_user_groups (
    id bigint NOT NULL,
    user_id integer NOT NULL,
    group_id integer NOT NULL
);


ALTER TABLE public.auth_user_groups OWNER TO postgres;

--
-- TOC entry 222 (class 1259 OID 18621)
-- Name: auth_user_groups_id_seq; Type: SEQUENCE; Schema: public; Owner: postgres
--

ALTER TABLE public.auth_user_groups ALTER COLUMN id ADD GENERATED BY DEFAULT AS IDENTITY (
    SEQUENCE NAME public.auth_user_groups_id_seq
    START WITH 1
    INCREMENT BY 1
    NO MINVALUE
    NO MAXVALUE
    CACHE 1
);


--
-- TOC entry 223 (class 1259 OID 18622)
-- Name: auth_user_id_seq; Type: SEQUENCE; Schema: public; Owner: postgres
--

ALTER TABLE public.auth_user ALTER COLUMN id ADD GENERATED BY DEFAULT AS IDENTITY (
    SEQUENCE NAME public.auth_user_id_seq
    START WITH 1
    INCREMENT BY 1
    NO MINVALUE
    NO MAXVALUE
    CACHE 1
);


--
-- TOC entry 224 (class 1259 OID 18623)
-- Name: auth_user_user_permissions; Type: TABLE; Schema: public; Owner: postgres
--

CREATE TABLE public.auth_user_user_permissions (
    id bigint NOT NULL,
    user_id integer NOT NULL,
    permission_id integer NOT NULL
);


ALTER TABLE public.auth_user_user_permissions OWNER TO postgres;

--
-- TOC entry 225 (class 1259 OID 18626)
-- Name: auth_user_user_permissions_id_seq; Type: SEQUENCE; Schema: public; Owner: postgres
--

ALTER TABLE public.auth_user_user_permissions ALTER COLUMN id ADD GENERATED BY DEFAULT AS IDENTITY (
    SEQUENCE NAME public.auth_user_user_permissions_id_seq
    START WITH 1
    INCREMENT BY 1
    NO MINVALUE
    NO MAXVALUE
    CACHE 1
);


--
-- TOC entry 226 (class 1259 OID 18627)
-- Name: country_country; Type: TABLE; Schema: public; Owner: postgres
--

CREATE TABLE public.country_country (
    id bigint NOT NULL,
    short_name character varying(255) NOT NULL,
    long_name character varying(255) NOT NULL,
    west_bound_longitude double precision,
    east_bound_longitude double precision,
    south_bound_latitude double precision,
    north_bound_latitude double precision,
    crs character varying(255)
);


ALTER TABLE public.country_country OWNER TO postgres;

--
-- TOC entry 227 (class 1259 OID 18632)
-- Name: country_country_id_seq; Type: SEQUENCE; Schema: public; Owner: postgres
--

ALTER TABLE public.country_country ALTER COLUMN id ADD GENERATED BY DEFAULT AS IDENTITY (
    SEQUENCE NAME public.country_country_id_seq
    START WITH 1
    INCREMENT BY 1
    NO MINVALUE
    NO MAXVALUE
    CACHE 1
);


--
-- TOC entry 228 (class 1259 OID 18633)
-- Name: data_type_datatype; Type: TABLE; Schema: public; Owner: postgres
--

CREATE TABLE public.data_type_datatype (
    id bigint NOT NULL,
    name character varying(255) NOT NULL
);


ALTER TABLE public.data_type_datatype OWNER TO postgres;

--
-- TOC entry 229 (class 1259 OID 18636)
-- Name: data_type_datatype_id_seq; Type: SEQUENCE; Schema: public; Owner: postgres
--

ALTER TABLE public.data_type_datatype ALTER COLUMN id ADD GENERATED BY DEFAULT AS IDENTITY (
    SEQUENCE NAME public.data_type_datatype_id_seq
    START WITH 1
    INCREMENT BY 1
    NO MINVALUE
    NO MAXVALUE
    CACHE 1
);


--
-- TOC entry 230 (class 1259 OID 18637)
-- Name: datasets_dataset; Type: TABLE; Schema: public; Owner: postgres
--

CREATE TABLE public.datasets_dataset (
    id bigint NOT NULL,
    short_name character varying(255) NOT NULL,
    long_name character varying(255) NOT NULL,
    data_type_id bigint NOT NULL,
    data_provider character varying(255) NOT NULL,
    data_source_url character varying(255) NOT NULL,
    data_download_url character varying(255) NOT NULL,
    login_credentials_required boolean NOT NULL,
    username character varying(255),
    password character varying(255),
    "API_key" character varying(255),
    download_method_id bigint NOT NULL,
    download_file_prefix character varying(255),
    download_file_infix character varying(255),
    download_file_suffix character varying(255),
    download_file_type character varying(255) NOT NULL,
    download_to_local_dir boolean NOT NULL,
    local_directory_path character varying(255) NOT NULL,
    scp boolean NOT NULL,
    scp_server_path character varying(255),
    frequency_minutes integer NOT NULL,
    frequency_hours integer NOT NULL,
    frequency_days integer NOT NULL,
    frequency_months integer NOT NULL,
    frequency_years integer NOT NULL,
    check_minutes integer NOT NULL,
    check_hours integer NOT NULL,
    check_days integer NOT NULL,
    check_months integer NOT NULL,
    check_years integer NOT NULL,
    has_variables boolean NOT NULL,
    variables character varying(255),
    subset boolean NOT NULL,
    xmin_xmax character varying(255),
    ymin_ymax character varying(255),
    create_latest boolean NOT NULL,
    force_forecast boolean NOT NULL,
    force_days integer,
    convert_longitude boolean NOT NULL
);


ALTER TABLE public.datasets_dataset OWNER TO postgres;

--
-- TOC entry 231 (class 1259 OID 18642)
-- Name: datasets_dataset_id_seq; Type: SEQUENCE; Schema: public; Owner: postgres
--

ALTER TABLE public.datasets_dataset ALTER COLUMN id ADD GENERATED BY DEFAULT AS IDENTITY (
    SEQUENCE NAME public.datasets_dataset_id_seq
    START WITH 1
    INCREMENT BY 1
    NO MINVALUE
    NO MAXVALUE
    CACHE 1
);


--
-- TOC entry 232 (class 1259 OID 18643)
-- Name: django_admin_log; Type: TABLE; Schema: public; Owner: postgres
--

CREATE TABLE public.django_admin_log (
    id integer NOT NULL,
    action_time timestamp with time zone NOT NULL,
    object_id text,
    object_repr character varying(200) NOT NULL,
    action_flag smallint NOT NULL,
    change_message text NOT NULL,
    content_type_id integer,
    user_id integer NOT NULL,
    CONSTRAINT django_admin_log_action_flag_check CHECK ((action_flag >= 0))
);


ALTER TABLE public.django_admin_log OWNER TO postgres;

--
-- TOC entry 233 (class 1259 OID 18649)
-- Name: django_admin_log_id_seq; Type: SEQUENCE; Schema: public; Owner: postgres
--

ALTER TABLE public.django_admin_log ALTER COLUMN id ADD GENERATED BY DEFAULT AS IDENTITY (
    SEQUENCE NAME public.django_admin_log_id_seq
    START WITH 1
    INCREMENT BY 1
    NO MINVALUE
    NO MAXVALUE
    CACHE 1
);


--
-- TOC entry 234 (class 1259 OID 18650)
-- Name: django_content_type; Type: TABLE; Schema: public; Owner: postgres
--

CREATE TABLE public.django_content_type (
    id integer NOT NULL,
    app_label character varying(100) NOT NULL,
    model character varying(100) NOT NULL
);


ALTER TABLE public.django_content_type OWNER TO postgres;

--
-- TOC entry 235 (class 1259 OID 18653)
-- Name: django_content_type_id_seq; Type: SEQUENCE; Schema: public; Owner: postgres
--

ALTER TABLE public.django_content_type ALTER COLUMN id ADD GENERATED BY DEFAULT AS IDENTITY (
    SEQUENCE NAME public.django_content_type_id_seq
    START WITH 1
    INCREMENT BY 1
    NO MINVALUE
    NO MAXVALUE
    CACHE 1
);


--
-- TOC entry 236 (class 1259 OID 18654)
-- Name: django_migrations; Type: TABLE; Schema: public; Owner: postgres
--

CREATE TABLE public.django_migrations (
    id bigint NOT NULL,
    app character varying(255) NOT NULL,
    name character varying(255) NOT NULL,
    applied timestamp with time zone NOT NULL
);


ALTER TABLE public.django_migrations OWNER TO postgres;

--
-- TOC entry 237 (class 1259 OID 18659)
-- Name: django_migrations_id_seq; Type: SEQUENCE; Schema: public; Owner: postgres
--

ALTER TABLE public.django_migrations ALTER COLUMN id ADD GENERATED BY DEFAULT AS IDENTITY (
    SEQUENCE NAME public.django_migrations_id_seq
    START WITH 1
    INCREMENT BY 1
    NO MINVALUE
    NO MAXVALUE
    CACHE 1
);


--
-- TOC entry 238 (class 1259 OID 18660)
-- Name: django_session; Type: TABLE; Schema: public; Owner: postgres
--

CREATE TABLE public.django_session (
    session_key character varying(40) NOT NULL,
    session_data text NOT NULL,
    expire_date timestamp with time zone NOT NULL
);


ALTER TABLE public.django_session OWNER TO postgres;

--
-- TOC entry 239 (class 1259 OID 18665)
-- Name: download_method_downloadmethod; Type: TABLE; Schema: public; Owner: postgres
--

CREATE TABLE public.download_method_downloadmethod (
    id bigint NOT NULL,
    name character varying(255) NOT NULL
);


ALTER TABLE public.download_method_downloadmethod OWNER TO postgres;

--
-- TOC entry 240 (class 1259 OID 18668)
-- Name: download_method_downloadmethod_id_seq; Type: SEQUENCE; Schema: public; Owner: postgres
--

ALTER TABLE public.download_method_downloadmethod ALTER COLUMN id ADD GENERATED BY DEFAULT AS IDENTITY (
    SEQUENCE NAME public.download_method_downloadmethod_id_seq
    START WITH 1
    INCREMENT BY 1
    NO MINVALUE
    NO MAXVALUE
    CACHE 1
);


--
-- TOC entry 241 (class 1259 OID 18669)
-- Name: layer_web_map_layerwebmap; Type: TABLE; Schema: public; Owner: postgres
--

CREATE TABLE public.layer_web_map_layerwebmap (
    id bigint NOT NULL,
    enabled boolean NOT NULL,
    "zoomToLayer" boolean NOT NULL,
    url character varying(255) NOT NULL,
    layer_title character varying(255) NOT NULL,
    layer_type character varying(255) NOT NULL,
    is_timeseries boolean NOT NULL,
    image_format character varying(255) NOT NULL,
    layer_name character varying(255) NOT NULL,
    transparent boolean NOT NULL,
    style character varying(255) NOT NULL,
    colormin double precision NOT NULL,
    colormax double precision NOT NULL,
    abovemaxcolor character varying(255) NOT NULL,
    belowmincolor character varying(255) NOT NULL,
    numcolorbands integer NOT NULL,
    "timeIntervalStart" timestamp with time zone NOT NULL,
    "timeIntervalEnd" timestamp with time zone NOT NULL,
    period character varying(255) NOT NULL,
    opacity double precision,
    legend_url character varying(255) NOT NULL,
    datetime_format character varying(255) NOT NULL,
    on_click_url character varying(255),
    update_color boolean NOT NULL,
    update_legend boolean NOT NULL,
    update_transparency boolean NOT NULL,
    is_composite boolean NOT NULL,
    chart_style character varying(255),
    enable_chart boolean NOT NULL,
    generate_png boolean NOT NULL,
    has_depth boolean NOT NULL,
    has_height boolean NOT NULL,
    update_thredds boolean NOT NULL,
    composite_layer_id character varying(255),
    interval_step character varying(255),
    has_specific_timestep boolean NOT NULL,
    specific_timestemps character varying(255),
    logscale boolean NOT NULL
);


ALTER TABLE public.layer_web_map_layerwebmap OWNER TO postgres;

--
-- TOC entry 242 (class 1259 OID 18674)
-- Name: layer_web_map_layerwebmap_id_seq; Type: SEQUENCE; Schema: public; Owner: postgres
--

ALTER TABLE public.layer_web_map_layerwebmap ALTER COLUMN id ADD GENERATED BY DEFAULT AS IDENTITY (
    SEQUENCE NAME public.layer_web_map_layerwebmap_id_seq
    START WITH 1
    INCREMENT BY 1
    NO MINVALUE
    NO MAXVALUE
    CACHE 1
);


--
-- TOC entry 262 (class 1259 OID 18909)
-- Name: main_menu_mainmenu; Type: TABLE; Schema: public; Owner: postgres
--

CREATE TABLE public.main_menu_mainmenu (
    id bigint NOT NULL,
    title character varying(255) NOT NULL,
    display_title character varying(255),
    theme_id bigint NOT NULL
);


ALTER TABLE public.main_menu_mainmenu OWNER TO postgres;

--
-- TOC entry 264 (class 1259 OID 18917)
-- Name: main_menu_mainmenu_content; Type: TABLE; Schema: public; Owner: postgres
--

CREATE TABLE public.main_menu_mainmenu_content (
    id bigint NOT NULL,
    mainmenu_id bigint NOT NULL,
    webproduct_id bigint NOT NULL
);


ALTER TABLE public.main_menu_mainmenu_content OWNER TO postgres;

--
-- TOC entry 263 (class 1259 OID 18916)
-- Name: main_menu_submenu1_content_id_seq; Type: SEQUENCE; Schema: public; Owner: postgres
--

ALTER TABLE public.main_menu_mainmenu_content ALTER COLUMN id ADD GENERATED BY DEFAULT AS IDENTITY (
    SEQUENCE NAME public.main_menu_submenu1_content_id_seq
    START WITH 1
    INCREMENT BY 1
    NO MINVALUE
    NO MAXVALUE
    CACHE 1
);


--
-- TOC entry 261 (class 1259 OID 18908)
-- Name: main_menu_submenu1_id_seq; Type: SEQUENCE; Schema: public; Owner: postgres
--

ALTER TABLE public.main_menu_mainmenu ALTER COLUMN id ADD GENERATED BY DEFAULT AS IDENTITY (
    SEQUENCE NAME public.main_menu_submenu1_id_seq
    START WITH 1
    INCREMENT BY 1
    NO MINVALUE
    NO MAXVALUE
    CACHE 1
);


--
-- TOC entry 243 (class 1259 OID 18675)
-- Name: menu_sub_sub_category_menusubsubcategory; Type: TABLE; Schema: public; Owner: postgres
--

CREATE TABLE public.menu_sub_sub_category_menusubsubcategory (
    id bigint NOT NULL,
    title character varying(255) NOT NULL
);


ALTER TABLE public.menu_sub_sub_category_menusubsubcategory OWNER TO postgres;

--
-- TOC entry 244 (class 1259 OID 18678)
-- Name: menu_sub_sub_category_menusubsubcategory_id_seq; Type: SEQUENCE; Schema: public; Owner: postgres
--

ALTER TABLE public.menu_sub_sub_category_menusubsubcategory ALTER COLUMN id ADD GENERATED BY DEFAULT AS IDENTITY (
    SEQUENCE NAME public.menu_sub_sub_category_menusubsubcategory_id_seq
    START WITH 1
    INCREMENT BY 1
    NO MINVALUE
    NO MAXVALUE
    CACHE 1
);


--
-- TOC entry 268 (class 1259 OID 18968)
-- Name: plotter_plotter; Type: TABLE; Schema: public; Owner: postgres
--

CREATE TABLE public.plotter_plotter (
    id bigint NOT NULL,
    title character varying(255),
    annual_clim_label_str character varying(255),
    area character varying(255),
    boundary_in_use character varying(255),
    cb_label_pos character varying(255),
    cb_tick_fmt character varying(255),
    cb_ticks character varying(255),
    cm_edge_values character varying(255),
    cmp_name character varying(255),
    colormap_strategy character varying(255),
    colors character varying(255),
    contour_labels character varying(255),
    contour_lines character varying(255),
    data_variable character varying(255),
    extend character varying(255),
    fill_color character varying(255),
    latitude_name character varying(255),
    layer_id_id bigint,
    longitude_name character varying(255),
    monthly_clim_label_str character varying(255),
    output_directory character varying(255),
    output_filename_infix character varying(255),
    output_filename_prefix character varying(255),
    output_filename_suffix character varying(255),
    overlay_grid boolean,
    plot_style character varying(255),
    product_label_str character varying(255),
    proj character varying(255),
    resolution character varying(255),
    smooth_factor character varying(255),
    title_plot character varying(255),
    u character varying(255),
    units character varying(255),
    v character varying(255),
    vlat character varying(255),
    vlon character varying(255)
);


ALTER TABLE public.plotter_plotter OWNER TO postgres;

--
-- TOC entry 267 (class 1259 OID 18967)
-- Name: plotter_plotter_id_seq; Type: SEQUENCE; Schema: public; Owner: postgres
--

ALTER TABLE public.plotter_plotter ALTER COLUMN id ADD GENERATED BY DEFAULT AS IDENTITY (
    SEQUENCE NAME public.plotter_plotter_id_seq
    START WITH 1
    INCREMENT BY 1
    NO MINVALUE
    NO MAXVALUE
    CACHE 1
);


--
-- TOC entry 245 (class 1259 OID 18679)
-- Name: submenu_1_submenu1; Type: TABLE; Schema: public; Owner: postgres
--

CREATE TABLE public.submenu_1_submenu1 (
    id bigint NOT NULL,
    title character varying(255) NOT NULL,
    content character varying(100)[] NOT NULL,
    display_title character varying(255)
);


ALTER TABLE public.submenu_1_submenu1 OWNER TO postgres;

--
-- TOC entry 246 (class 1259 OID 18684)
-- Name: submenu_1_submenu1_children; Type: TABLE; Schema: public; Owner: postgres
--

CREATE TABLE public.submenu_1_submenu1_children (
    id bigint NOT NULL,
    submenu1_id bigint NOT NULL,
    submenu2_id bigint NOT NULL
);


ALTER TABLE public.submenu_1_submenu1_children OWNER TO postgres;

--
-- TOC entry 247 (class 1259 OID 18687)
-- Name: submenu_1_submenu1_children_id_seq; Type: SEQUENCE; Schema: public; Owner: postgres
--

ALTER TABLE public.submenu_1_submenu1_children ALTER COLUMN id ADD GENERATED BY DEFAULT AS IDENTITY (
    SEQUENCE NAME public.submenu_1_submenu1_children_id_seq
    START WITH 1
    INCREMENT BY 1
    NO MINVALUE
    NO MAXVALUE
    CACHE 1
);


--
-- TOC entry 248 (class 1259 OID 18688)
-- Name: submenu_1_submenu1_id_seq; Type: SEQUENCE; Schema: public; Owner: postgres
--

ALTER TABLE public.submenu_1_submenu1 ALTER COLUMN id ADD GENERATED BY DEFAULT AS IDENTITY (
    SEQUENCE NAME public.submenu_1_submenu1_id_seq
    START WITH 1
    INCREMENT BY 1
    NO MINVALUE
    NO MAXVALUE
    CACHE 1
);


--
-- TOC entry 249 (class 1259 OID 18689)
-- Name: submenu_2_submenu2; Type: TABLE; Schema: public; Owner: postgres
--

CREATE TABLE public.submenu_2_submenu2 (
    id bigint NOT NULL,
    title character varying(255) NOT NULL,
    content character varying(100)[] NOT NULL,
    display_title character varying(255)
);


ALTER TABLE public.submenu_2_submenu2 OWNER TO postgres;

--
-- TOC entry 250 (class 1259 OID 18694)
-- Name: submenu_2_submenu2_children; Type: TABLE; Schema: public; Owner: postgres
--

CREATE TABLE public.submenu_2_submenu2_children (
    id bigint NOT NULL,
    submenu2_id bigint NOT NULL,
    submenu3_id bigint NOT NULL
);


ALTER TABLE public.submenu_2_submenu2_children OWNER TO postgres;

--
-- TOC entry 251 (class 1259 OID 18697)
-- Name: submenu_2_submenu2_children_id_seq; Type: SEQUENCE; Schema: public; Owner: postgres
--

ALTER TABLE public.submenu_2_submenu2_children ALTER COLUMN id ADD GENERATED BY DEFAULT AS IDENTITY (
    SEQUENCE NAME public.submenu_2_submenu2_children_id_seq
    START WITH 1
    INCREMENT BY 1
    NO MINVALUE
    NO MAXVALUE
    CACHE 1
);


--
-- TOC entry 252 (class 1259 OID 18698)
-- Name: submenu_2_submenu2_id_seq; Type: SEQUENCE; Schema: public; Owner: postgres
--

ALTER TABLE public.submenu_2_submenu2 ALTER COLUMN id ADD GENERATED BY DEFAULT AS IDENTITY (
    SEQUENCE NAME public.submenu_2_submenu2_id_seq
    START WITH 1
    INCREMENT BY 1
    NO MINVALUE
    NO MAXVALUE
    CACHE 1
);


--
-- TOC entry 253 (class 1259 OID 18699)
-- Name: submenu_3_submenu3; Type: TABLE; Schema: public; Owner: postgres
--

CREATE TABLE public.submenu_3_submenu3 (
    id bigint NOT NULL,
    title character varying(255) NOT NULL,
    display_title character varying(255)
);


ALTER TABLE public.submenu_3_submenu3 OWNER TO postgres;

--
-- TOC entry 254 (class 1259 OID 18704)
-- Name: submenu_3_submenu3_content; Type: TABLE; Schema: public; Owner: postgres
--

CREATE TABLE public.submenu_3_submenu3_content (
    id bigint NOT NULL,
    submenu3_id bigint NOT NULL,
    webproduct_id bigint NOT NULL
);


ALTER TABLE public.submenu_3_submenu3_content OWNER TO postgres;

--
-- TOC entry 255 (class 1259 OID 18707)
-- Name: submenu_3_submenu3_content_id_seq; Type: SEQUENCE; Schema: public; Owner: postgres
--

ALTER TABLE public.submenu_3_submenu3_content ALTER COLUMN id ADD GENERATED BY DEFAULT AS IDENTITY (
    SEQUENCE NAME public.submenu_3_submenu3_content_id_seq
    START WITH 1
    INCREMENT BY 1
    NO MINVALUE
    NO MAXVALUE
    CACHE 1
);


--
-- TOC entry 256 (class 1259 OID 18708)
-- Name: submenu_3_submenu3_id_seq; Type: SEQUENCE; Schema: public; Owner: postgres
--

ALTER TABLE public.submenu_3_submenu3 ALTER COLUMN id ADD GENERATED BY DEFAULT AS IDENTITY (
    SEQUENCE NAME public.submenu_3_submenu3_id_seq
    START WITH 1
    INCREMENT BY 1
    NO MINVALUE
    NO MAXVALUE
    CACHE 1
);


--
-- TOC entry 257 (class 1259 OID 18709)
-- Name: task_download_taskdownload; Type: TABLE; Schema: public; Owner: postgres
--

CREATE TABLE public.task_download_taskdownload (
    id bigint NOT NULL,
    task_name character varying(255) NOT NULL,
    class_id character varying(255) NOT NULL,
    dataset_id_id bigint NOT NULL,
    status character varying(255) NOT NULL,
    priority character varying(255) NOT NULL,
    duration character varying(255) NOT NULL,
    task_start_time timestamp with time zone NOT NULL,
    next_run_time timestamp with time zone NOT NULL,
    last_run_time timestamp with time zone NOT NULL,
    next_download_file character varying(255) NOT NULL,
    last_download_file character varying(255) NOT NULL,
    enabled boolean NOT NULL,
    health character varying(255) NOT NULL,
    fail_count integer NOT NULL,
    success_count integer NOT NULL,
    reset_count integer NOT NULL,
    attempt_count integer NOT NULL,
    predecessor_class character varying(255),
    predecessor_class_id integer,
    successor_class character varying(255),
    successor_class_id integer,
    created_by character varying(255) NOT NULL,
    launched_by character varying(255) NOT NULL,
    retain boolean NOT NULL,
    retention_days character varying(255)
);


ALTER TABLE public.task_download_taskdownload OWNER TO postgres;

--
-- TOC entry 258 (class 1259 OID 18714)
-- Name: task_download_taskdownload_id_seq; Type: SEQUENCE; Schema: public; Owner: postgres
--

ALTER TABLE public.task_download_taskdownload ALTER COLUMN id ADD GENERATED BY DEFAULT AS IDENTITY (
    SEQUENCE NAME public.task_download_taskdownload_id_seq
    START WITH 1
    INCREMENT BY 1
    NO MINVALUE
    NO MAXVALUE
    CACHE 1
);


--
-- TOC entry 266 (class 1259 OID 18942)
-- Name: theme_theme; Type: TABLE; Schema: public; Owner: postgres
--

CREATE TABLE public.theme_theme (
    id bigint NOT NULL,
    name character varying(255) NOT NULL
);


ALTER TABLE public.theme_theme OWNER TO postgres;

--
-- TOC entry 265 (class 1259 OID 18941)
-- Name: theme_theme_id_seq; Type: SEQUENCE; Schema: public; Owner: postgres
--

ALTER TABLE public.theme_theme ALTER COLUMN id ADD GENERATED BY DEFAULT AS IDENTITY (
    SEQUENCE NAME public.theme_theme_id_seq
    START WITH 1
    INCREMENT BY 1
    NO MINVALUE
    NO MAXVALUE
    CACHE 1
);


--
-- TOC entry 259 (class 1259 OID 18715)
-- Name: webapp_product_webproduct; Type: TABLE; Schema: public; Owner: postgres
--

CREATE TABLE public.webapp_product_webproduct (
    id bigint NOT NULL,
    name character varying NOT NULL,
    bbox_type character varying(255) NOT NULL,
    copyright character varying NOT NULL,
    east_bound_longitude double precision NOT NULL,
    enabled boolean NOT NULL,
    has_bbox boolean NOT NULL,
    metadata_five_id character varying(255),
    metadata_five_value character varying(255),
    metadata_four_id character varying(255),
    metadata_four_value character varying(255),
    metadata_one_id character varying(255),
    metadata_one_value character varying(255),
    metadata_six_id character varying(255),
    metadata_six_value character varying(255),
    metadata_three_id character varying(255),
    metadata_three_value character varying(255),
    metadata_two_id character varying(255),
    metadata_two_value character varying(255),
    north_bound_latitude double precision NOT NULL,
    south_bound_latitude double precision NOT NULL,
    west_bound_longitude double precision NOT NULL,
    layer_information_id bigint NOT NULL
);


ALTER TABLE public.webapp_product_webproduct OWNER TO postgres;

--
-- TOC entry 260 (class 1259 OID 18720)
-- Name: webapp_product_webproduct_id_seq; Type: SEQUENCE; Schema: public; Owner: postgres
--

ALTER TABLE public.webapp_product_webproduct ALTER COLUMN id ADD GENERATED BY DEFAULT AS IDENTITY (
    SEQUENCE NAME public.webapp_product_webproduct_id_seq
    START WITH 1
    INCREMENT BY 1
    NO MINVALUE
    NO MAXVALUE
    CACHE 1
);


--
-- TOC entry 3912 (class 0 OID 18601)
-- Dependencies: 214
-- Data for Name: auth_group; Type: TABLE DATA; Schema: public; Owner: postgres
--

COPY public.auth_group (id, name) FROM stdin;
\.


--
-- TOC entry 3914 (class 0 OID 18605)
-- Dependencies: 216
-- Data for Name: auth_group_permissions; Type: TABLE DATA; Schema: public; Owner: postgres
--

COPY public.auth_group_permissions (id, group_id, permission_id) FROM stdin;
\.


--
-- TOC entry 3916 (class 0 OID 18609)
-- Dependencies: 218
-- Data for Name: auth_permission; Type: TABLE DATA; Schema: public; Owner: postgres
--

COPY public.auth_permission (id, name, content_type_id, codename) FROM stdin;
1	Can add log entry	1	add_logentry
2	Can change log entry	1	change_logentry
3	Can delete log entry	1	delete_logentry
4	Can view log entry	1	view_logentry
5	Can add permission	2	add_permission
6	Can change permission	2	change_permission
7	Can delete permission	2	delete_permission
8	Can view permission	2	view_permission
9	Can add group	3	add_group
10	Can change group	3	change_group
11	Can delete group	3	delete_group
12	Can view group	3	view_group
13	Can add user	4	add_user
14	Can change user	4	change_user
15	Can delete user	4	delete_user
16	Can view user	4	view_user
17	Can add content type	5	add_contenttype
18	Can change content type	5	change_contenttype
19	Can delete content type	5	delete_contenttype
20	Can view content type	5	view_contenttype
21	Can add session	6	add_session
22	Can change session	6	change_session
23	Can delete session	6	delete_session
24	Can view session	6	view_session
25	Can add dataset	7	add_dataset
26	Can change dataset	7	change_dataset
27	Can delete dataset	7	delete_dataset
28	Can view dataset	7	view_dataset
29	Can add task download	8	add_taskdownload
30	Can change task download	8	change_taskdownload
31	Can delete task download	8	delete_taskdownload
32	Can view task download	8	view_taskdownload
33	Can add country	9	add_country
34	Can change country	9	change_country
35	Can delete country	9	delete_country
36	Can view country	9	view_country
37	Can add data type	10	add_datatype
38	Can change data type	10	change_datatype
39	Can delete data type	10	delete_datatype
40	Can view data type	10	view_datatype
41	Can add download method	11	add_downloadmethod
42	Can change download method	11	change_downloadmethod
43	Can delete download method	11	delete_downloadmethod
44	Can view download method	11	view_downloadmethod
45	Can add web products	12	add_webproducts
46	Can change web products	12	change_webproducts
47	Can delete web products	12	delete_webproducts
48	Can view web products	12	view_webproducts
49	Can add web product	13	add_webproduct
50	Can change web product	13	change_webproduct
51	Can delete web product	13	delete_webproduct
52	Can view web product	13	view_webproduct
53	Can add layer web map	14	add_layerwebmap
54	Can change layer web map	14	change_layerwebmap
55	Can delete layer web map	14	delete_layerwebmap
56	Can view layer web map	14	view_layerwebmap
57	Can add metadata	15	add_metadata
58	Can change metadata	15	change_metadata
59	Can delete metadata	15	delete_metadata
60	Can view metadata	15	view_metadata
61	Can add menu sub sub category	16	add_menusubsubcategory
62	Can change menu sub sub category	16	change_menusubsubcategory
63	Can delete menu sub sub category	16	delete_menusubsubcategory
64	Can view menu sub sub category	16	view_menusubsubcategory
65	Can add web product	17	add_webproduct
66	Can change web product	17	change_webproduct
67	Can delete web product	17	delete_webproduct
68	Can view web product	17	view_webproduct
69	Can add sub menu3	18	add_submenu3
70	Can change sub menu3	18	change_submenu3
71	Can delete sub menu3	18	delete_submenu3
72	Can view sub menu3	18	view_submenu3
73	Can add sub menu2	19	add_submenu2
74	Can change sub menu2	19	change_submenu2
75	Can delete sub menu2	19	delete_submenu2
76	Can view sub menu2	19	view_submenu2
77	Can add sub menu1	20	add_submenu1
78	Can change sub menu1	20	change_submenu1
79	Can delete sub menu1	20	delete_submenu1
80	Can view sub menu1	20	view_submenu1
81	Can add main menu	21	add_mainmenu
82	Can change main menu	21	change_mainmenu
83	Can delete main menu	21	delete_mainmenu
84	Can view main menu	21	view_mainmenu
85	Can add theme	22	add_theme
86	Can change theme	22	change_theme
87	Can delete theme	22	delete_theme
88	Can view theme	22	view_theme
89	Can add plotter	23	add_plotter
90	Can change plotter	23	change_plotter
91	Can delete plotter	23	delete_plotter
92	Can view plotter	23	view_plotter
\.


--
-- TOC entry 3918 (class 0 OID 18613)
-- Dependencies: 220
-- Data for Name: auth_user; Type: TABLE DATA; Schema: public; Owner: postgres
--

COPY public.auth_user (id, password, last_login, is_superuser, username, first_name, last_name, email, is_staff, is_active, date_joined) FROM stdin;
2	pbkdf2_sha256$600000$5zVQjYzLS7WJ4G0aPNteox$D1Bol8lyLB2ovGZabohLlqnh3iroy1D+tv/0J0l3dqE=	2024-09-26 16:24:14.674695+12	f	ocean	ocean	ocean	oit@spc.int	t	t	2024-09-26 14:33:23+12
1	pbkdf2_sha256$600000$5aF933ngeZl7TI5Fy9xgNt$XpPIawOjXCgyre6JMaDhM7HEw4QjDUyvTbc9kQGPPuk=	2025-01-15 16:23:30.616319+12	t	admin				t	t	2024-08-20 09:51:50.231221+12
\.


--
-- TOC entry 3919 (class 0 OID 18618)
-- Dependencies: 221
-- Data for Name: auth_user_groups; Type: TABLE DATA; Schema: public; Owner: postgres
--

COPY public.auth_user_groups (id, user_id, group_id) FROM stdin;
\.


--
-- TOC entry 3922 (class 0 OID 18623)
-- Dependencies: 224
-- Data for Name: auth_user_user_permissions; Type: TABLE DATA; Schema: public; Owner: postgres
--

COPY public.auth_user_user_permissions (id, user_id, permission_id) FROM stdin;
1	2	64
2	2	32
3	2	36
4	2	68
5	2	40
6	2	72
7	2	44
8	2	76
9	2	60
10	2	80
11	2	48
12	2	20
13	2	52
14	2	56
15	2	28
\.


--
-- TOC entry 3924 (class 0 OID 18627)
-- Dependencies: 226
-- Data for Name: country_country; Type: TABLE DATA; Schema: public; Owner: postgres
--

COPY public.country_country (id, short_name, long_name, west_bound_longitude, east_bound_longitude, south_bound_latitude, north_bound_latitude, crs) FROM stdin;
1	PAC	Pacific Islands	100	300	-45	45	EPSG:4326
3	TON	Tonga	-175.362353516	-173.921875	-21.4505859375	-18.5653320313	EPSG:4326
4	TUV	Tuvalu	176.7	180	-12.7	-5.4	EPSG:4326
2	FJI	Fiji	174.587207031	183	-21.705859375	-12.476953125	EPSG:4326
\.


--
-- TOC entry 3926 (class 0 OID 18633)
-- Dependencies: 228
-- Data for Name: data_type_datatype; Type: TABLE DATA; Schema: public; Owner: postgres
--

COPY public.data_type_datatype (id, name) FROM stdin;
1	forecast
2	hindcast
3	historical
4	nrt
5	outlook
\.


--
-- TOC entry 3928 (class 0 OID 18637)
-- Dependencies: 230
-- Data for Name: datasets_dataset; Type: TABLE DATA; Schema: public; Owner: postgres
--

COPY public.datasets_dataset (id, short_name, long_name, data_type_id, data_provider, data_source_url, data_download_url, login_credentials_required, username, password, "API_key", download_method_id, download_file_prefix, download_file_infix, download_file_suffix, download_file_type, download_to_local_dir, local_directory_path, scp, scp_server_path, frequency_minutes, frequency_hours, frequency_days, frequency_months, frequency_years, check_minutes, check_hours, check_days, check_months, check_years, has_variables, variables, subset, xmin_xmax, ymin_ymax, create_latest, force_forecast, force_days, convert_longitude) FROM stdin;
14	phytoplankton_daily_forecast	Total Primary Production of Phyto	1	Copernicus Marine Service	https://data.marine.copernicus.eu/product/GLOBAL_ANALYSISFORECAST_BGC_001_028/description	cmems_mod_glo_bgc-bio_anfc_0.25deg_P1D-m	t				3	cmems_mod_glo_bgc-bio_anfc_0.25deg_P1D-m	%Y%m%d_%Y%m%d	.nc	netCDF	t	{root-dir}/model/regional/copernicus/forecast/daily/phytoplankton	f		0	0	1	0	0	0	1	0	0	0	t	nppv,o2	t	-45,45	100,300	t	t	7	t
8	sst_anomalies_daily_nrt	Sea Surface Temperature Anomalies	4	NOAA National Centers for Environmental Information.	https://www.ncei.noaa.gov/thredds/catalog/OisstBase/NetCDF/V2.1/AVHRR/catalog.html	https://www.ncei.noaa.gov/thredds/fileServer/OisstBase/NetCDF/V2.1/AVHRR/{year}{month}/{download_file_name}	t	\N	\N	\N	1	oisst-avhrr-v02r01.	%Y%m%d	_preliminary.nc	netCDF	t	{root-dir}/model/regional/noaa/nrt/daily/sst_anomalies	f	\N	0	0	1	0	0	0	1	0	0	0	t	sst,anom	t	-45,45	100,300	f	f	0	t
12	ssh_daily_nrt	Altimetery Sea Surface Height	4	Copernicus Marine Service	https://data.marine.copernicus.eu/product/SEALEVEL_GLO_PHY_L4_NRT_008_046/description	cmems_obs-sl_glo_phy-ssh_nrt_allsat-l4-duacs-0.25deg_P1D	t	\N	\N	\N	3	cmems_obs-sl_glo_phy-ssh_nrt_allsat-l4-duacs-0.25deg_P1D_	%Y%m%d_%Y%m%d	.nc	netCDF	t	{root-dir}/model/regional/copernicus/nrt/daily/ssh	f	\N	0	0	1	0	0	0	1	0	0	0	t	adt, err_sla, err_ugosa, err_vgosa, flag_ice, sla, ugos, ugosa, vgos, vgosa	t	-45,45	100,300	f	f	0	t
16	ph_daily_forecast	Daily PH	1	Copernicus Marine Service	https://data.marine.copernicus.eu/product/GLOBAL_ANALYSISFORECAST_BGC_001_028/description	cmems_mod_glo_bgc-car_anfc_0.25deg_P1D-m	t				3	cmems_mod_glo_bgc-car_anfc_0.25deg_P1D-m	%Y%m%d_%Y%m%d	.nc	netCDF	t	{root-dir}/model/regional/copernicus/forecast/daily/ph	f		0	0	1	0	0	0	1	0	0	0	t	ph	t	-45,45	100,300	t	t	7	t
13	salinity_daily_forecast	Salinity	1	Copernicus Marine Service	https://data.marine.copernicus.eu/product/GLOBAL_ANALYSISFORECAST_PHY_001_024/description	cmems_mod_glo_phy-so_anfc_0.083deg_P1D-m	t	\N	\N	\N	3	cmems_mod_glo_phy-so_anfc_0.083deg_P1D-m	%Y%m%d_%Y%m%d	.nc	netCDF	t	{root-dir}/model/regional/copernicus/forecast/daily/salinity	f	\N	0	0	1	0	0	0	1	0	0	0	t	so	t	-45,45	100,300	t	t	7	t
9	ersst_monthly_historical	Sea Surface Temperature/Sea Surface Temperature Anomalies	3	NOAA National Centers for Environmental Information.	https://www.ncei.noaa.gov/thredds/catalog/ersst/catalog.html	https://www.ncei.noaa.gov/thredds/fileServer/ersst/{download_file_name}	t	\N	\N	\N	1	ersst.v5.	%Y%m	.nc	netCDF	t	{root-dir}/model/regional/noaa/hindcast/monthly/ersst	f	\N	0	0	0	1	0	0	0	1	0	0	t	sst,ssta	t	-45,45	100,300	f	f	0	t
4	chlorophyll_monthly_nrt	Chlorophyll-A Level 3 Mapped - Monthly	4	NASA Ocean Color	https://oceancolor.gsfc.nasa.gov/	https://oceandata.sci.gsfc.nasa.gov/opendap/MODISA/L3SMI/{year}/{month}{day}/{download_file_name}	t	zbegg	Oceanportal2017*	\N	2	AQUA_MODIS.	%Y%m%d_%Y%m%d	.L3m.MO.CHL.chlor_a.4km.NRT.nc.dap.nc	netCDF	t	{root-dir}/model/regional/nasa/nrt/monthly/chlorophyll	f	\N	0	0	0	1	0	0	0	1	0	0	f	\N	t	45,-45	100,300	f	f	0	f
7	sst_anomalies_daily_historical	Sea Surface Temperature Anomalies	3	NOAA National Centers for Environmental Information.	https://www.ncei.noaa.gov/thredds/catalog/OisstBase/NetCDF/V2.1/AVHRR/catalog.html	https://www.ncei.noaa.gov/thredds/fileServer/OisstBase/NetCDF/V2.1/AVHRR/{year}{month}/{download_file_name}	t	\N	\N	\N	1	oisst-avhrr-v02r01.	%Y%m%d	.nc	netCDF	t	{root-dir}/model/regional/noaa/hindcast/daily/sst_anomalies	f	\N	0	0	1	0	0	0	1	0	0	0	t	sst,anom	t	-45,45	100,300	f	f	0	t
15	phytoplankton_monthly_historical	Total Primary Production of Phyto	3	Copernicus Marine Service	https://data.marine.copernicus.eu/product/GLOBAL_ANALYSISFORECAST_BGC_001_028/description	cmems_mod_glo_bgc-bio_anfc_0.25deg_P1M-m	t	\N	\N	\N	3	cmems_mod_glo_bgc-bio_anfc_0.25deg_P1M-m	%Y%m_%Y%m	.nc	netCDF	t	{root-dir}/model/regional/copernicus/hindcast/monthly/phytoplankton	f	\N	0	0	0	1	0	0	0	1	0	0	t	nppv,o2	t	-45,45	100,300	f	f	0	t
17	ph_monthly_historical	PH Monthly	3	Copernicus Marine Service	https://data.marine.copernicus.eu/product/GLOBAL_ANALYSISFORECAST_BGC_001_028/description	cmems_mod_glo_bgc-car_anfc_0.25deg_P1M-m	t	\N	\N	\N	3	cmems_mod_glo_bgc-car_anfc_0.25deg_P1M-m	%Y%m_%Y%m	.nc	netCDF	t	{root-dir}/model/regional/copernicus/hindcast/monthly/ph	f	\N	0	0	0	1	0	0	0	1	0	0	t	ph	t	-45,45	100,300	f	f	0	t
6	coral_bleaching_monthly_outlook	Coral Bleaching - 4month Outlook	5	NOAA Satellite and Information Service	https://www.star.nesdis.noaa.gov/pub/socd/mecb/crw/data/outlook/v5/nc/v1/outlook/	https://www.star.nesdis.noaa.gov/pub/socd/mecb/crw/data/outlook/v5/nc/v1/outlook/{year}/{download_file_name}	t	\N	\N	\N	1	cfsv2_outlook-060perc_4mon-and-wkly_v5_icwk	%Y%m%d	{special}.nc	netCDF	t	{root-dir}/model/regional/noaa/forecast/monthly/coral_bleaching	f	\N	0	0	7	0	0	0	0	1	0	0	f	CRW_BAA_Week_04,CRW_BAA_Week_08,CRW_BAA_Week_12,CRW_BAA_Week_16	t	45,-45	100,300	t	f	0	t
5	coral_bleaching_daily_nrt	Coral Bleaching - Daily	4	NOAA Satellite and Information Service	https://coralreefwatch.noaa.gov/product/5km/	https://www.star.nesdis.noaa.gov/pub/socd/mecb/crw/data/5km/v3.1_op/nc/v1.0/daily/baa5-max-7d/{year}/{download_file_name}	t	\N	\N	\N	1	ct5km_baa5-max-7d_v3.1_	%Y%m%d	.nc	netCDF	t	{root-dir}/model/regional/noaa/nrt/daily/coral_bleaching	f	\N	0	0	1	0	0	0	1	0	0	0	f	\N	t	45,-45	100,300	f	f	0	f
18	mhw_daily_nrt	Mairne Heat Wave - Daily	4	NOAA Satellite and Information Service	https://www.star.nesdis.noaa.gov/star/index.php	https://www.star.nesdis.noaa.gov/pub/socd/mecb/crw/data/marine_heatwave/v1.0.1/category/nc/{year}/{download_file_name}	t	\N	\N	\N	1	noaa-crw_mhw_v1.0.1_category_	%Y%m%d	.nc	netCDF	t	{root-dir}/model/regional/noaa/nrt/daily/mhw	f	\N	0	0	1	0	0	0	1	0	0	0	f	\N	t	-45,45	100,300	f	f	0	f
11	accesss_ssh_forecast	Sea surface height anomaly 6 ensembles given need to combined to give month mean average	1	Commonwealth Scientific and Industrial Research Organisation	https://www.publish.csiro.au/es/pdf/ES22026	https://access-s.clide.cloud/files/global/monthly/data/{download_file_name}	t	\N	\N	\N	1	ssh.forecast.anom.monthly	none	.nc	netCDF	t	{root-dir}/model/regional/bom/forecast/monthly/accesss/ssh	f	\N	0	0	1	0	0	0	0	1	0	0	f	\N	t	-45,45	100,300	t	f	0	t
3	chlorophyll_daily_nrt	Chlorophyll-A Level 3 Mapped - Daily	4	NASA Ocean Color	https://oceancolor.gsfc.nasa.gov/	https://oceandata.sci.gsfc.nasa.gov/opendap/MODISA/L3SMI/{year}/{month}{day}/{download_file_name}	t	zbegg	Oceanportal2017*	\N	2	AQUA_MODIS.	%Y%m%d	.L3m.DAY.CHL.chlor_a.4km.NRT.nc.dap.nc	netCDF	t	{root-dir}/model/regional/nasa/nrt/daily/chlorophyll	f	\N	0	0	1	0	0	0	1	0	0	0	f	\N	t	45,-45	100,300	f	f	0	f
10	accesss_sst_forecast	sea surface temperature anomaly 6 ensembles given need to combined to give month mean average	1	Commonwealth Scientific and Industrial Research Organisation	https://www.publish.csiro.au/es/pdf/ES22026	https://access-s.clide.cloud/files/global/monthly/data/{download_file_name}	t	\N	\N	\N	1	sst.forecast.anom.monthly	none	.nc	netCDF	t	{root-dir}/model/regional/bom/forecast/monthly/accesss/sst	f	\N	0	0	1	0	0	0	0	1	0	0	t	sst	t	-45,45	100,300	t	f	0	t
2	waveWatch3_hourly_hindcast	AUSWAVE Global Ocean Waves Hindcast	2	Australian Bureau of Meteorology	http://opendap.bom.gov.au:8080/thredds/catalog/paccsapwaves_gridded_2/catalog.html	http://opendap.bom.gov.au:8080/thredds/fileServer/paccsapwaves_gridded_2/{download_file_name}	f	\N	\N	\N	1	ww3.glob_24m.	%Y%m	.nc	netCDF	t	{root-dir}/model/regional/bom/hindcast/hourly/wavewatch3	f	\N	0	0	0	1	0	0	0	1	0	0	f	hs,dp,dir	f	45,-45	100,300	f	f	0	f
1	waveWatch3_hourly_forecast	AUSWAVE Global Ocean Waves Forecast	1	Australian Bureau of Meteorology	http://opendap.bom.gov.au:8080/thredds/catalog/nmoc/ww3_global_fc/catalog.html	http://opendap.bom.gov.au:8080/thredds/fileServer/nmoc/ww3_global_fc/{download_file_name}	f	\N	\N	\N	1	ww3_	%Y%m%d_%H	.G.nc	netCDF	t	{root-dir}/model/regional/bom/forecast/hourly/wavewatch3	f	\N	0	12	0	0	0	0	1	0	0	0	f	sig_wav_ht,mn_wav_dir	t	45,-45	100,300	t	f	0	t
\.


--
-- TOC entry 3930 (class 0 OID 18643)
-- Dependencies: 232
-- Data for Name: django_admin_log; Type: TABLE DATA; Schema: public; Owner: postgres
--

COPY public.django_admin_log (id, action_time, object_id, object_repr, action_flag, change_message, content_type_id, user_id) FROM stdin;
1	2024-08-20 09:52:25.887273+12	1	forecast	1	[{"added": {}}]	10	1
2	2024-08-20 09:52:29.631724+12	2	hindcast	1	[{"added": {}}]	10	1
3	2024-08-20 09:52:32.113512+12	3	historical	1	[{"added": {}}]	10	1
4	2024-08-20 09:52:51.411376+12	4	nrt	1	[{"added": {}}]	10	1
5	2024-08-20 09:53:09.560287+12	5	outlook	1	[{"added": {}}]	10	1
6	2024-08-20 09:53:22.452316+12	1	https	1	[{"added": {}}]	11	1
7	2024-08-20 09:53:32.097467+12	2	obdaac_download	1	[{"added": {}}]	11	1
8	2024-08-20 09:53:35.234739+12	3	copernicusmarine	1	[{"added": {}}]	11	1
9	2024-08-20 09:54:35.022155+12	2	waveWatch3_hourly_hindcast	2	[{"changed": {"fields": ["Data type"]}}]	7	1
10	2024-08-20 09:54:48.096572+12	3	chlorophyll_daily_nrt	2	[{"changed": {"fields": ["Data type", "Download method"]}}]	7	1
11	2024-08-20 09:55:09.413256+12	4	chlorophyll_monthly_nrt	2	[{"changed": {"fields": ["Data type"]}}]	7	1
12	2024-08-20 09:55:21.940337+12	5	coral_bleaching_daily_nrt	2	[{"changed": {"fields": ["Data type"]}}]	7	1
13	2024-08-20 09:55:36.018659+12	6	coral_bleaching_monthly_outlook	2	[{"changed": {"fields": ["Data type"]}}]	7	1
14	2024-08-20 09:55:57.989272+12	7	sst_anomalies_daily_historical	2	[{"changed": {"fields": ["Data type"]}}]	7	1
15	2024-08-20 09:56:09.79396+12	8	sst_anomalies_daily_nrt	2	[{"changed": {"fields": ["Data type"]}}]	7	1
16	2024-08-20 09:56:18.398596+12	9	ersst_monthly_historical	2	[{"changed": {"fields": ["Data type"]}}]	7	1
17	2024-08-20 09:56:50.401038+12	12	ssh_daily_nrt	2	[{"changed": {"fields": ["Data type"]}}]	7	1
18	2024-08-20 09:57:34.920508+12	15	phytoplankton_monthly_historical	2	[{"changed": {"fields": ["Data type"]}}]	7	1
19	2024-08-20 09:57:44.658158+12	17	ph_monthly_historical	2	[{"changed": {"fields": ["Data type"]}}]	7	1
20	2024-08-20 09:57:54.413543+12	18	mhw_daily_nrt	2	[{"changed": {"fields": ["Data type"]}}]	7	1
21	2024-08-20 10:06:33.229383+12	1	Country object (1)	1	[{"added": {}}]	9	1
22	2024-09-04 14:05:31.31288+12	2	TaskDownload object (2)	2	[{"changed": {"fields": ["Next download file"]}}]	8	1
23	2024-09-04 14:06:48.612304+12	2	waveWatch3_hourly_hindcast	2	[{"changed": {"fields": ["Xmin xmax"]}}]	7	1
24	2024-09-04 14:22:47.650632+12	3	TaskDownload object (3)	2	[{"changed": {"fields": ["Next download file"]}}]	8	1
25	2024-09-04 14:24:29.908356+12	3	TaskDownload object (3)	2	[{"changed": {"fields": ["Next download file"]}}]	8	1
26	2024-09-04 14:24:43.7569+12	3	chlorophyll_daily_nrt	2	[{"changed": {"fields": ["Subset"]}}]	7	1
27	2024-09-04 14:25:56.362805+12	3	chlorophyll_daily_nrt	2	[{"changed": {"fields": ["Xmin xmax"]}}]	7	1
28	2024-09-04 14:26:13.944074+12	4	chlorophyll_monthly_nrt	2	[{"changed": {"fields": ["Xmin xmax"]}}]	7	1
29	2024-09-04 14:26:47.967105+12	3	TaskDownload object (3)	2	[{"changed": {"fields": ["Next download file"]}}]	8	1
30	2024-09-04 14:26:57.385807+12	4	TaskDownload object (4)	2	[{"changed": {"fields": ["Next download file"]}}]	8	1
31	2024-09-04 14:30:30.453297+12	4	chlorophyll_monthly_nrt	2	[{"changed": {"fields": ["Xmin xmax"]}}]	7	1
32	2024-09-04 14:30:47.097651+12	4	TaskDownload object (4)	2	[{"changed": {"fields": ["Next download file"]}}]	8	1
33	2024-09-04 14:34:18.272224+12	4	chlorophyll_monthly_nrt	2	[{"changed": {"fields": ["Subset"]}}]	7	1
34	2024-09-04 14:34:35.523413+12	4	TaskDownload object (4)	2	[{"changed": {"fields": ["Next download file"]}}]	8	1
35	2024-09-04 14:37:36.28311+12	4	chlorophyll_monthly_nrt	2	[{"changed": {"fields": ["Subset", "Ymin ymax"]}}]	7	1
36	2024-09-04 14:37:48.070362+12	4	TaskDownload object (4)	2	[{"changed": {"fields": ["Next download file"]}}]	8	1
37	2024-09-04 14:41:00.768058+12	4	chlorophyll_monthly_nrt	2	[{"changed": {"fields": ["Xmin xmax"]}}]	7	1
38	2024-09-04 14:41:10.828075+12	4	TaskDownload object (4)	2	[{"changed": {"fields": ["Next download file"]}}]	8	1
39	2024-09-04 14:44:19.921734+12	4	chlorophyll_monthly_nrt	2	[{"changed": {"fields": ["Subset"]}}]	7	1
40	2024-09-04 14:44:44.118618+12	4	TaskDownload object (4)	2	[{"changed": {"fields": ["Next download file"]}}]	8	1
41	2024-09-04 14:46:11.485251+12	4	TaskDownload object (4)	2	[{"changed": {"fields": ["Next download file"]}}]	8	1
42	2024-09-04 14:46:25.66785+12	5	coral_bleaching_daily_nrt	2	[{"changed": {"fields": ["Xmin xmax"]}}]	7	1
43	2024-09-04 14:46:34.992385+12	6	coral_bleaching_monthly_outlook	2	[{"changed": {"fields": ["Xmin xmax"]}}]	7	1
44	2024-09-04 14:46:46.693188+12	5	TaskDownload object (5)	2	[{"changed": {"fields": ["Next download file"]}}]	8	1
45	2024-09-04 14:46:56.19364+12	6	TaskDownload object (6)	2	[{"changed": {"fields": ["Next download file"]}}]	8	1
46	2024-09-04 14:49:39.786042+12	5	TaskDownload object (5)	2	[{"changed": {"fields": ["Next download file"]}}]	8	1
47	2024-09-04 14:52:54.245988+12	6	TaskDownload object (6)	2	[{"changed": {"fields": ["Next download file"]}}]	8	1
48	2024-09-04 14:53:13.432312+12	6	coral_bleaching_monthly_outlook	2	[{"changed": {"fields": ["Xmin xmax"]}}]	7	1
49	2024-09-04 14:54:09.394379+12	5	coral_bleaching_daily_nrt	2	[{"changed": {"fields": ["Xmin xmax"]}}]	7	1
50	2024-09-04 14:55:21.473705+12	5	coral_bleaching_daily_nrt	2	[]	7	1
51	2024-09-04 14:55:39.55229+12	4	chlorophyll_monthly_nrt	2	[{"changed": {"fields": ["Xmin xmax", "Ymin ymax"]}}]	7	1
52	2024-09-04 14:55:51.994323+12	4	TaskDownload object (4)	2	[]	8	1
53	2024-09-04 14:58:10.676875+12	4	chlorophyll_monthly_nrt	2	[{"changed": {"fields": ["Subset"]}}]	7	1
54	2024-09-04 15:00:55.60386+12	4	chlorophyll_monthly_nrt	2	[{"changed": {"fields": ["Subset"]}}]	7	1
55	2024-09-04 15:01:14.396898+12	5	coral_bleaching_daily_nrt	2	[{"changed": {"fields": ["Data download url"]}}]	7	1
56	2024-09-04 15:02:45.286354+12	5	coral_bleaching_daily_nrt	2	[{"changed": {"fields": ["Xmin xmax"]}}]	7	1
57	2024-09-04 15:03:30.716727+12	5	coral_bleaching_daily_nrt	2	[{"changed": {"fields": ["Subset"]}}]	7	1
58	2024-09-04 15:07:58.489599+12	6	TaskDownload object (6)	2	[]	8	1
59	2024-09-04 15:43:16.233574+12	3	chlorophyll_daily_nrt	2	[{"changed": {"fields": ["Subset", "Xmin xmax"]}}]	7	1
60	2024-09-04 16:28:41.057591+12	3	TaskDownload object (3)	2	[{"changed": {"fields": ["Next download file"]}}]	8	1
61	2024-09-04 16:31:13.831124+12	3	chlorophyll_daily_nrt	2	[{"changed": {"fields": ["Subset"]}}]	7	1
62	2024-09-05 15:17:31.146834+12	2	TaskDownload object (2)	2	[{"changed": {"fields": ["Next download file"]}}]	8	1
63	2024-09-05 15:17:47.64207+12	2	waveWatch3_hourly_hindcast	2	[{"changed": {"fields": ["Xmin xmax"]}}]	7	1
64	2024-09-05 15:21:03.683323+12	2	waveWatch3_hourly_hindcast	2	[{"changed": {"fields": ["Subset"]}}]	7	1
65	2024-09-05 15:24:51.058539+12	2	waveWatch3_hourly_hindcast	2	[]	7	1
66	2024-09-05 15:26:15.379692+12	2	waveWatch3_hourly_hindcast	2	[]	7	1
67	2024-09-05 15:26:30.553457+12	2	TaskDownload object (2)	2	[{"changed": {"fields": ["Next download file"]}}]	8	1
68	2024-09-05 15:27:09.910786+12	2	waveWatch3_hourly_hindcast	2	[{"changed": {"fields": ["Has variables"]}}]	7	1
69	2024-09-05 15:28:14.677695+12	2	TaskDownload object (2)	2	[{"changed": {"fields": ["Next download file"]}}]	8	1
70	2024-09-05 15:28:21.757737+12	2	TaskDownload object (2)	2	[{"changed": {"fields": ["Next download file"]}}]	8	1
71	2024-09-05 15:51:08.621471+12	2	TaskDownload object (2)	2	[{"changed": {"fields": ["Next download file"]}}]	8	1
72	2024-09-06 11:23:27.9073+12	1	LayerWebMap object (1)	1	[{"added": {}}]	14	1
73	2024-09-06 11:35:05.441026+12	1	WebProduct object (1)	1	[{"added": {}}]	13	1
74	2024-09-06 12:10:35.248421+12	1	Metadata object (1)	1	[{"added": {}}]	15	1
75	2024-09-06 12:13:46.763771+12	2	Metadata object (2)	1	[{"added": {}}]	15	1
76	2024-09-06 12:17:20.448728+12	3	test	1	[{"added": {}}]	15	1
77	2024-09-06 12:17:22.054024+12	1	WebProduct object (1)	2	[{"changed": {"fields": ["Metadata"]}}]	13	1
78	2024-09-06 12:17:52.300985+12	1	WebProduct object (1)	2	[{"changed": {"fields": ["Metadata"]}}]	13	1
79	2024-09-06 13:29:02.404537+12	1	WebProduct object (1)	1	[{"added": {}}]	17	1
80	2024-09-06 14:07:52.550758+12	1	SubMenu3 object (1)	1	[{"added": {}}]	18	1
81	2024-09-06 14:19:06.570026+12	1	SubMenu2 object (1)	1	[{"added": {}}]	19	1
82	2024-09-06 14:32:14.982881+12	1	SubMenu1 object (1)	1	[{"added": {}}]	20	1
83	2024-09-06 14:39:49.951689+12	2	SubMenu1 object (2)	1	[{"added": {}}]	20	1
84	2024-09-10 08:42:32.921925+12	2	SubMenu1 object (2)	3		20	1
85	2024-09-10 08:42:32.928453+12	1	SubMenu1 object (1)	3		20	1
86	2024-09-10 08:42:39.826679+12	1	Fiji	3		19	1
87	2024-09-10 08:42:52.474627+12	1	Ocean	3		18	1
88	2024-09-10 08:43:24.803079+12	1	Wave Watch 3 Forecast	3		17	1
89	2024-09-10 08:43:42.147454+12	1	Wave Height	3		14	1
90	2024-09-10 09:53:40.980735+12	1287217821	test	1	[{"added": {}}]	18	1
91	2024-09-10 14:43:50.495648+12	1287217821	test	3		18	1
92	2024-09-10 14:47:17.822238+12	2	weeew	1	[{"added": {}}]	18	1
93	2024-09-10 15:08:34.037606+12	2	Wave Height	1	[{"added": {}}]	14	1
94	2024-09-10 15:09:38.325602+12	2	Wave Watch 3 Forecast	1	[{"added": {}}]	17	1
95	2024-09-10 15:09:50.268381+12	2	weeew	3		18	1
96	2024-09-10 15:10:00.199922+12	3	Ocean	1	[{"added": {}}]	18	1
97	2024-09-10 15:10:09.863712+12	3	Ocean	2	[{"changed": {"fields": ["Content"]}}]	18	1
98	2024-09-10 15:10:22.215617+12	2	Fiji	1	[{"added": {}}]	19	1
99	2024-09-10 15:10:31.146819+12	3	SubMenu1 object (3)	1	[{"added": {}}]	20	1
100	2024-09-10 16:23:27.805808+12	3	Salinity	1	[{"added": {}}]	14	1
101	2024-09-10 16:25:51.862183+12	3	Salinity Forecast	1	[{"added": {}}]	17	1
102	2024-09-10 16:26:03.978133+12	3	Ocean	2	[{"changed": {"fields": ["Content"]}}]	18	1
103	2024-09-10 16:26:48.462037+12	3	Ocean	2	[{"changed": {"fields": ["Content"]}}]	18	1
104	2024-09-10 16:45:12.481398+12	4	SubMenu1 object (4)	1	[{"added": {}}]	20	1
105	2024-09-10 16:45:22.171382+12	5	SubMenu1 object (5)	1	[{"added": {}}]	20	1
106	2024-09-11 14:59:25.527109+12	6	SubMenu1 object (6)	1	[{"added": {}}]	20	1
107	2024-09-11 15:00:02.393906+12	6	SubMenu1 object (6)	3		20	1
108	2024-09-12 11:26:44.761817+12	2	Regional	2	[{"changed": {"fields": ["Title"]}}]	19	1
109	2024-09-12 11:26:58.726555+12	3	Fiji	1	[{"added": {}}]	19	1
110	2024-09-12 11:27:23.051686+12	3	Fiji	2	[]	19	1
111	2024-09-12 11:27:33.420316+12	3	SubMenu1 object (3)	2	[{"changed": {"fields": ["Children"]}}]	20	1
112	2024-09-12 11:28:05.429554+12	3	SubMenu1 object (3)	2	[]	20	1
113	2024-09-12 11:28:24.13327+12	3	SubMenu1 object (3)	2	[{"changed": {"fields": ["Children"]}}]	20	1
114	2024-09-12 12:17:43.576358+12	3	Salinity	2	[{"changed": {"fields": ["Is timeseries", "TimeIntervalStart", "TimeIntervalEnd", "Period"]}}]	14	1
115	2024-09-12 12:18:12.53011+12	2	Wave Forecast	2	[{"changed": {"fields": ["Name"]}}]	17	1
116	2024-09-12 12:18:28.19915+12	3	Ocean	2	[{"changed": {"fields": ["Content"]}}]	18	1
117	2024-09-12 12:23:32.53587+12	3	Salinity	2	[{"changed": {"fields": ["Colormin", "Colormax"]}}]	14	1
118	2024-09-12 14:11:51.848247+12	2	Wave Height	2	[{"changed": {"fields": ["TimeIntervalStart"]}}]	14	1
119	2024-09-12 15:42:29.857477+12	2	Wave Height	2	[{"changed": {"fields": ["Period"]}}]	14	1
120	2024-09-12 15:42:36.652022+12	3	Salinity	2	[{"changed": {"fields": ["Period"]}}]	14	1
121	2024-09-17 12:23:43.994578+12	2	Wave Height	2	[{"changed": {"fields": ["TimeIntervalStart", "TimeIntervalEnd"]}}]	14	1
122	2024-09-17 12:30:41.084594+12	3	Salinity	2	[{"changed": {"fields": ["TimeIntervalStart", "TimeIntervalEnd"]}}]	14	1
123	2024-09-17 14:29:57.304493+12	3	Salinity	2	[{"changed": {"fields": ["TimeIntervalStart"]}}]	14	1
124	2024-09-18 15:17:35.009485+12	6	TaskDownload object (6)	2	[{"changed": {"fields": ["Next download file"]}}]	8	1
125	2024-09-18 15:34:26.060071+12	5	TaskDownload object (5)	2	[{"changed": {"fields": ["Next download file"]}}]	8	1
126	2024-09-18 16:02:01.460087+12	5	TaskDownload object (5)	2	[{"changed": {"fields": ["Next download file"]}}]	8	1
127	2024-09-18 16:15:24.399169+12	5	coral_bleaching_daily_nrt	2	[{"changed": {"fields": ["Subset"]}}]	7	1
128	2024-09-19 09:49:53.081928+12	5	TaskDownload object (5)	2	[{"changed": {"fields": ["Next download file"]}}]	8	1
129	2024-09-19 09:51:03.944785+12	5	coral_bleaching_daily_nrt	2	[{"changed": {"fields": ["Convert longitude"]}}]	7	1
130	2024-09-19 09:51:19.689182+12	5	coral_bleaching_daily_nrt	2	[{"changed": {"fields": ["Convert longitude"]}}]	7	1
131	2024-09-19 10:08:21.405137+12	5	TaskDownload object (5)	2	[{"changed": {"fields": ["Next download file"]}}]	8	1
132	2024-09-19 10:09:22.761436+12	5	coral_bleaching_daily_nrt	2	[{"changed": {"fields": ["Subset"]}}]	7	1
133	2024-09-19 10:10:32.117049+12	5	TaskDownload object (5)	2	[{"changed": {"fields": ["Next download file"]}}]	8	1
134	2024-09-19 10:19:25.223684+12	5	coral_bleaching_daily_nrt	2	[{"changed": {"fields": ["Convert longitude"]}}]	7	1
135	2024-09-19 10:20:16.270773+12	5	coral_bleaching_daily_nrt	2	[{"changed": {"fields": ["Subset"]}}]	7	1
136	2024-09-19 10:23:18.066976+12	5	coral_bleaching_daily_nrt	2	[{"changed": {"fields": ["Xmin xmax"]}}]	7	1
137	2024-09-19 10:26:59.535203+12	5	coral_bleaching_daily_nrt	2	[{"changed": {"fields": ["Ymin ymax"]}}]	7	1
138	2024-09-19 10:27:54.983389+12	5	coral_bleaching_daily_nrt	2	[{"changed": {"fields": ["Ymin ymax"]}}]	7	1
139	2024-09-19 10:28:49.385568+12	5	coral_bleaching_daily_nrt	2	[{"changed": {"fields": ["Ymin ymax"]}}]	7	1
140	2024-09-19 11:13:29.724318+12	5	coral_bleaching_daily_nrt	2	[{"changed": {"fields": ["Ymin ymax"]}}]	7	1
141	2024-09-19 11:15:07.282021+12	5	coral_bleaching_daily_nrt	2	[{"changed": {"fields": ["Ymin ymax"]}}]	7	1
142	2024-09-19 11:17:29.99289+12	5	coral_bleaching_daily_nrt	2	[{"changed": {"fields": ["Ymin ymax"]}}]	7	1
143	2024-09-19 11:22:27.328253+12	5	coral_bleaching_daily_nrt	2	[]	7	1
144	2024-09-19 11:22:38.130279+12	6	coral_bleaching_monthly_outlook	2	[{"changed": {"fields": ["Convert longitude"]}}]	7	1
145	2024-09-19 11:24:27.371142+12	6	coral_bleaching_monthly_outlook	2	[{"changed": {"fields": ["Convert longitude"]}}]	7	1
146	2024-09-19 11:25:02.788024+12	6	coral_bleaching_monthly_outlook	2	[{"changed": {"fields": ["Convert longitude"]}}]	7	1
147	2024-09-19 11:25:10.443278+12	5	coral_bleaching_daily_nrt	2	[]	7	1
148	2024-09-19 11:27:09.729098+12	6	coral_bleaching_monthly_outlook	2	[{"changed": {"fields": ["Subset"]}}]	7	1
149	2024-09-19 11:28:02.280598+12	6	coral_bleaching_monthly_outlook	2	[{"changed": {"fields": ["Has variables", "Subset"]}}]	7	1
150	2024-09-19 11:38:35.194384+12	6	coral_bleaching_monthly_outlook	2	[{"changed": {"fields": ["Convert longitude"]}}]	7	1
151	2024-09-19 11:39:41.704176+12	6	coral_bleaching_monthly_outlook	2	[{"changed": {"fields": ["Has variables"]}}]	7	1
152	2024-09-19 11:48:34.307117+12	7	sst_anomalies_daily_historical	2	[{"changed": {"fields": ["Convert longitude"]}}]	7	1
153	2024-09-19 11:50:24.525154+12	7	TaskDownload object (7)	2	[{"changed": {"fields": ["Next download file"]}}]	8	1
154	2024-09-19 11:51:12.884733+12	7	sst_anomalies_daily_historical	2	[{"changed": {"fields": ["Convert longitude"]}}]	7	1
155	2024-09-19 11:55:23.472896+12	8	TaskDownload object (8)	2	[{"changed": {"fields": ["Next download file"]}}]	8	1
156	2024-09-19 11:57:23.766429+12	9	TaskDownload object (9)	2	[{"changed": {"fields": ["Next download file"]}}]	8	1
157	2024-09-19 12:05:58.479016+12	12	TaskDownload object (12)	2	[{"changed": {"fields": ["Next download file"]}}]	8	1
158	2024-09-19 12:07:41.784945+12	18	TaskDownload object (18)	2	[{"changed": {"fields": ["Next download file"]}}]	8	1
159	2024-09-19 12:09:44.657193+12	18	mhw_daily_nrt	2	[{"changed": {"fields": ["Convert longitude"]}}]	7	1
160	2024-09-19 12:11:09.970192+12	3	chlorophyll_daily_nrt	2	[{"changed": {"fields": ["Subset"]}}]	7	1
161	2024-09-19 12:11:24.225486+12	3	TaskDownload object (3)	2	[]	8	1
162	2024-09-19 12:14:19.60576+12	3	chlorophyll_daily_nrt	2	[{"changed": {"fields": ["Convert longitude"]}}]	7	1
163	2024-09-19 12:15:11.376003+12	3	chlorophyll_daily_nrt	2	[]	7	1
164	2024-09-19 12:15:22.083355+12	4	chlorophyll_monthly_nrt	2	[{"changed": {"fields": ["Subset", "Convert longitude"]}}]	7	1
165	2024-09-19 12:15:28.41196+12	3	chlorophyll_daily_nrt	2	[]	7	1
166	2024-09-19 12:15:33.215281+12	4	chlorophyll_monthly_nrt	2	[]	7	1
167	2024-09-19 12:16:36.263255+12	4	TaskDownload object (4)	2	[{"changed": {"fields": ["Next download file"]}}]	8	1
168	2024-09-19 12:18:29.550994+12	4	chlorophyll_monthly_nrt	2	[{"changed": {"fields": ["Subset"]}}]	7	1
169	2024-09-19 12:20:06.223274+12	4	chlorophyll_monthly_nrt	2	[{"changed": {"fields": ["Subset"]}}]	7	1
170	2024-09-19 12:24:13.825178+12	10	accesss_sst_forecast	2	[{"changed": {"fields": ["Local directory path"]}}]	7	1
171	2024-09-19 12:25:08.320587+12	10	accesss_sst_forecast	2	[{"changed": {"fields": ["Local directory path"]}}]	7	1
172	2024-09-19 12:26:05.140142+12	10	accesss_sst_forecast	2	[{"changed": {"fields": ["Local directory path"]}}]	7	1
173	2024-09-19 12:28:59.112801+12	10	accesss_sst_forecast	2	[{"changed": {"fields": ["Local directory path"]}}]	7	1
174	2024-09-19 12:30:38.057231+12	10	accesss_sst_forecast	2	[]	7	1
175	2024-09-19 12:31:20.090702+12	10	accesss_sst_forecast	2	[]	7	1
176	2024-09-19 12:33:12.441952+12	10	accesss_sst_forecast	2	[]	7	1
177	2024-09-19 12:34:39.183062+12	10	accesss_sst_forecast	2	[{"changed": {"fields": ["Download file infix"]}}]	7	1
178	2024-09-19 12:36:34.495779+12	11	accesss_ssh_forecast	2	[{"changed": {"fields": ["Download file infix"]}}]	7	1
179	2024-09-19 12:37:19.386284+12	11	accesss_ssh_forecast	2	[{"changed": {"fields": ["Local directory path"]}}]	7	1
180	2024-09-19 12:38:06.479684+12	10	accesss_sst_forecast	2	[{"changed": {"fields": ["Local directory path"]}}]	7	1
181	2024-09-19 16:10:39.54906+12	6	coral_bleaching_monthly_outlook	2	[{"changed": {"fields": ["Create latest"]}}]	7	1
182	2024-09-20 10:33:34.920048+12	4	TaskDownload object (4)	2	[{"changed": {"fields": ["Next download file"]}}]	8	1
183	2024-09-20 11:28:31.906808+12	13	salinity_daily_forecast	2	[]	7	1
184	2024-09-20 12:15:59.114282+12	6	coral_bleaching_monthly_outlook	2	[{"changed": {"fields": ["Local directory path"]}}]	7	1
185	2024-09-20 12:16:31.718136+12	7	sst_anomalies_daily_historical	2	[{"changed": {"fields": ["Local directory path"]}}]	7	1
186	2024-09-20 12:17:14.981654+12	9	ersst_monthly_historical	2	[{"changed": {"fields": ["Local directory path"]}}]	7	1
187	2024-09-20 12:20:26.254328+12	15	phytoplankton_monthly_historical	2	[{"changed": {"fields": ["Local directory path"]}}]	7	1
188	2024-09-20 12:21:17.580584+12	17	ph_monthly_historical	2	[{"changed": {"fields": ["Local directory path"]}}]	7	1
189	2024-09-20 12:49:17.997172+12	1	waveWatch3_hourly_forecast	2	[{"changed": {"fields": ["Convert longitude"]}}]	7	1
190	2024-09-20 12:49:28.530177+12	2	waveWatch3_hourly_hindcast	2	[{"changed": {"fields": ["Has variables", "Subset", "Convert longitude"]}}]	7	1
191	2024-09-20 12:49:35.728907+12	1	waveWatch3_hourly_forecast	2	[]	7	1
192	2024-09-20 12:49:41.848722+12	2	waveWatch3_hourly_hindcast	2	[{"changed": {"fields": ["Xmin xmax"]}}]	7	1
193	2024-09-20 12:49:56.449327+12	1	TaskDownload object (1)	2	[{"changed": {"fields": ["Next download file", "Health", "Attempt count"]}}]	8	1
194	2024-09-20 12:50:06.860297+12	2	TaskDownload object (2)	2	[{"changed": {"fields": ["Next download file"]}}]	8	1
195	2024-09-20 12:50:17.25887+12	3	TaskDownload object (3)	2	[{"changed": {"fields": ["Next download file"]}}]	8	1
196	2024-09-20 12:50:26.222549+12	4	TaskDownload object (4)	2	[{"changed": {"fields": ["Next download file"]}}]	8	1
197	2024-09-20 12:50:36.155361+12	5	TaskDownload object (5)	2	[{"changed": {"fields": ["Next download file"]}}]	8	1
198	2024-09-20 12:50:45.140585+12	6	TaskDownload object (6)	2	[{"changed": {"fields": ["Next download file"]}}]	8	1
199	2024-09-20 12:50:54.396824+12	7	TaskDownload object (7)	2	[{"changed": {"fields": ["Next download file"]}}]	8	1
200	2024-09-20 12:51:06.497435+12	8	TaskDownload object (8)	2	[{"changed": {"fields": ["Next download file"]}}]	8	1
201	2024-09-20 12:51:17.13755+12	9	TaskDownload object (9)	2	[{"changed": {"fields": ["Next download file"]}}]	8	1
202	2024-09-20 12:51:25.831697+12	10	TaskDownload object (10)	2	[]	8	1
203	2024-09-20 12:51:34.670682+12	12	TaskDownload object (12)	2	[{"changed": {"fields": ["Next download file"]}}]	8	1
204	2024-09-20 12:51:44.892381+12	13	TaskDownload object (13)	2	[{"changed": {"fields": ["Next download file"]}}]	8	1
205	2024-09-20 12:52:00.896096+12	13	TaskDownload object (13)	2	[]	8	1
206	2024-09-20 12:52:09.042796+12	14	TaskDownload object (14)	2	[{"changed": {"fields": ["Next download file"]}}]	8	1
207	2024-09-20 12:52:19.30577+12	15	TaskDownload object (15)	2	[{"changed": {"fields": ["Next download file"]}}]	8	1
208	2024-09-20 12:52:26.502319+12	15	TaskDownload object (15)	2	[]	8	1
209	2024-09-20 12:52:34.433198+12	16	TaskDownload object (16)	2	[{"changed": {"fields": ["Next download file"]}}]	8	1
210	2024-09-20 12:52:46.058946+12	17	TaskDownload object (17)	2	[{"changed": {"fields": ["Next download file"]}}]	8	1
211	2024-09-20 12:52:52.944441+12	17	TaskDownload object (17)	2	[]	8	1
212	2024-09-20 12:53:00.39849+12	18	TaskDownload object (18)	2	[{"changed": {"fields": ["Next download file"]}}]	8	1
213	2024-09-23 08:58:39.005086+12	3	TaskDownload object (3)	2	[]	8	1
214	2024-09-23 09:11:48.262429+12	7	TaskDownload object (7)	2	[{"changed": {"fields": ["Next download file"]}}]	8	1
215	2024-09-23 12:44:17.694019+12	6	TaskDownload object (6)	2	[{"changed": {"fields": ["Next download file"]}}]	8	1
216	2024-09-23 12:44:53.594028+12	6	TaskDownload object (6)	2	[{"changed": {"fields": ["Next download file"]}}]	8	1
217	2024-09-23 12:46:19.041032+12	6	coral_bleaching_monthly_outlook	2	[{"changed": {"fields": ["Has variables"]}}]	7	1
218	2024-09-23 14:37:37.87074+12	5	TaskDownload object (5)	2	[{"changed": {"fields": ["Update url thredds", "Update api url"]}}]	8	1
219	2024-09-23 14:37:41.810891+12	1	TaskDownload object (1)	2	[{"changed": {"fields": ["Update thredds"]}}]	8	1
220	2024-09-23 14:37:46.267313+12	2	TaskDownload object (2)	2	[{"changed": {"fields": ["Update thredds"]}}]	8	1
221	2024-09-23 14:37:51.24953+12	3	TaskDownload object (3)	2	[{"changed": {"fields": ["Update thredds"]}}]	8	1
222	2024-09-23 14:37:55.761559+12	4	TaskDownload object (4)	2	[{"changed": {"fields": ["Update thredds"]}}]	8	1
223	2024-09-23 14:38:00.346943+12	5	TaskDownload object (5)	2	[]	8	1
224	2024-09-23 14:38:05.50621+12	7	TaskDownload object (7)	2	[{"changed": {"fields": ["Update thredds"]}}]	8	1
225	2024-09-23 14:38:16.666876+12	7	TaskDownload object (7)	2	[]	8	1
226	2024-09-23 14:38:22.00586+12	8	TaskDownload object (8)	2	[{"changed": {"fields": ["Update thredds"]}}]	8	1
227	2024-09-23 14:38:27.631139+12	9	TaskDownload object (9)	2	[{"changed": {"fields": ["Update thredds"]}}]	8	1
228	2024-09-23 14:38:31.843976+12	10	TaskDownload object (10)	2	[{"changed": {"fields": ["Update thredds"]}}]	8	1
229	2024-09-23 14:38:35.900199+12	11	TaskDownload object (11)	2	[{"changed": {"fields": ["Update thredds"]}}]	8	1
230	2024-09-23 14:38:40.219939+12	12	TaskDownload object (12)	2	[{"changed": {"fields": ["Update thredds"]}}]	8	1
231	2024-09-23 14:38:44.970503+12	13	TaskDownload object (13)	2	[{"changed": {"fields": ["Update thredds"]}}]	8	1
232	2024-09-23 14:38:49.562921+12	14	TaskDownload object (14)	2	[{"changed": {"fields": ["Update thredds"]}}]	8	1
233	2024-09-23 14:38:53.963964+12	15	TaskDownload object (15)	2	[{"changed": {"fields": ["Update thredds"]}}]	8	1
234	2024-09-23 14:38:58.16918+12	16	TaskDownload object (16)	2	[{"changed": {"fields": ["Update thredds"]}}]	8	1
235	2024-09-23 14:39:03.328528+12	17	TaskDownload object (17)	2	[{"changed": {"fields": ["Update thredds"]}}]	8	1
236	2024-09-23 14:39:07.64753+12	18	TaskDownload object (18)	2	[{"changed": {"fields": ["Update thredds"]}}]	8	1
237	2024-09-24 15:29:39.554971+12	2	Wave Height	2	[{"changed": {"fields": ["Update thredds"]}}]	14	1
238	2024-09-24 15:30:25.608691+12	2	Wave Height	2	[{"changed": {"fields": ["Period"]}}]	14	1
239	2024-09-24 15:53:02.357883+12	2	Wave Height	2	[{"changed": {"fields": ["TimeIntervalStart"]}}]	14	1
240	2024-09-24 16:02:04.666757+12	5	TaskDownload object (5)	2	[{"changed": {"fields": ["Next download file"]}}]	8	1
241	2024-09-24 16:07:37.446939+12	4	Coral Bleaching Alert	1	[{"added": {}}]	14	1
242	2024-09-24 16:25:00.75078+12	4	Coral Bleaching Alert	2	[]	14	1
243	2024-09-24 16:27:51.767506+12	5	Sea Surface Temperature Anamolies	1	[{"added": {}}]	14	1
244	2024-09-24 16:33:53.129525+12	6	Sea Surface Temperature	1	[{"added": {}}]	14	1
245	2024-09-24 16:59:57.62758+12	3	TaskDownload object (3)	2	[{"changed": {"fields": ["Enabled"]}}]	8	1
246	2024-09-24 17:00:03.30367+12	4	TaskDownload object (4)	2	[{"changed": {"fields": ["Enabled"]}}]	8	1
247	2024-09-24 17:00:11.76849+12	3	TaskDownload object (3)	2	[]	8	1
248	2024-09-24 17:00:18.265369+12	4	TaskDownload object (4)	2	[]	8	1
249	2024-09-25 08:47:37.455976+12	1	waveWatch3_hourly_forecast	2	[]	7	1
250	2024-09-25 08:49:12.284477+12	1	TaskDownload object (1)	2	[{"changed": {"fields": ["Next download file"]}}]	8	1
251	2024-09-25 09:00:11.690757+12	1	TaskDownload object (1)	2	[{"changed": {"fields": ["Next download file"]}}]	8	1
252	2024-09-25 09:03:00.721256+12	1	TaskDownload object (1)	2	[{"changed": {"fields": ["Next download file"]}}]	8	1
253	2024-09-25 09:04:43.378444+12	1	waveWatch3_hourly_forecast	2	[{"changed": {"fields": ["Convert longitude"]}}]	7	1
254	2024-09-25 09:08:46.126034+12	1	waveWatch3_hourly_forecast	2	[]	7	1
255	2024-09-25 09:08:52.545092+12	2	waveWatch3_hourly_hindcast	2	[{"changed": {"fields": ["Convert longitude"]}}]	7	1
256	2024-09-25 09:24:37.451961+12	1	TaskDownload object (1)	2	[{"changed": {"fields": ["Next download file"]}}]	8	1
257	2024-09-25 09:33:22.748473+12	2	TaskDownload object (2)	2	[{"changed": {"fields": ["Next download file"]}}]	8	1
258	2024-09-25 10:51:56.972413+12	6	Sea Surface Temperature	2	[{"changed": {"fields": ["Period"]}}]	14	1
259	2024-09-25 10:56:31.101427+12	3	Salinity	2	[{"changed": {"fields": ["Period"]}}]	14	1
260	2024-09-25 10:56:38.160904+12	4	Coral Bleaching Alert	2	[{"changed": {"fields": ["Period"]}}]	14	1
261	2024-09-25 10:56:45.634818+12	5	Sea Surface Temperature Anamolies	2	[{"changed": {"fields": ["Period"]}}]	14	1
262	2024-09-25 10:59:31.706526+12	5	Sea Surface Temperature Anamolies	2	[{"changed": {"fields": ["Period"]}}]	14	1
263	2024-09-25 11:21:21.620231+12	6	Sea Surface Temperature	2	[]	14	1
264	2024-09-25 11:21:35.945943+12	6	Sea Surface Temperature	2	[{"changed": {"fields": ["Datetime format"]}}]	14	1
265	2024-09-25 11:21:47.968493+12	5	Sea Surface Temperature Anamolies	2	[{"changed": {"fields": ["Datetime format"]}}]	14	1
266	2024-09-25 11:23:06.850472+12	5	Sea Surface Temperature Anamolies	2	[{"changed": {"fields": ["Interval step"]}}]	14	1
267	2024-09-25 11:23:28.083272+12	4	Coral Bleaching Alert	2	[{"changed": {"fields": ["Datetime format"]}}]	14	1
268	2024-09-25 11:24:00.941282+12	2	Wave Height	2	[{"changed": {"fields": ["Datetime format", "Interval step"]}}]	14	1
269	2024-09-25 11:42:02.248817+12	9	TaskDownload object (9)	2	[{"changed": {"fields": ["Next download file"]}}]	8	1
270	2024-09-25 11:54:43.979444+12	3	Salinity	2	[{"changed": {"fields": ["Enabled"]}}]	14	1
271	2024-09-25 11:54:51.061947+12	3	Salinity	2	[{"changed": {"fields": ["Enabled"]}}]	14	1
272	2024-09-25 11:57:20.378336+12	7	Extended reconstructed sea surface temperature	1	[{"added": {}}]	14	1
273	2024-09-25 11:59:50.812162+12	3	Salinity Forecast	2	[{"changed": {"fields": ["Enabled"]}}]	17	1
274	2024-09-25 12:03:11.683544+12	3	Coral Bleaching Alert	2	[{"changed": {"fields": ["Name", "Layer information", "Enabled"]}}]	17	1
275	2024-09-25 12:04:58.151186+12	4	Sea Surface Temperature Anamolies	1	[{"added": {}}]	17	1
276	2024-09-25 12:06:01.495909+12	5	Sea Surface Temperature	1	[{"added": {}}]	17	1
277	2024-09-25 12:06:39.426704+12	6	Extended reconstructed sea surface temperature	1	[{"added": {}}]	17	1
278	2024-09-25 12:07:03.93521+12	6	Extended reconstructed sea surface temperature	2	[{"changed": {"fields": ["Metadata one value", "Metadata two id", "Metadata two value", "Metadata three id", "Metadata three value", "Metadata four id", "Metadata four value", "Metadata five id", "Metadata five value", "Metadata six id", "Metadata six value", "Enabled"]}}]	17	1
279	2024-09-25 12:08:16.498942+12	3	Ocean	2	[{"changed": {"fields": ["Content"]}}]	18	1
280	2024-09-25 12:09:24.29059+12	4	Ocean	1	[{"added": {}}]	18	1
281	2024-09-25 14:01:30.166151+12	3	TaskDownload object (3)	2	[{"changed": {"fields": ["Enabled"]}}]	8	1
282	2024-09-25 14:01:35.889913+12	4	TaskDownload object (4)	2	[{"changed": {"fields": ["Enabled"]}}]	8	1
283	2024-09-25 14:04:56.062506+12	2	Wave Height	2	[{"changed": {"fields": ["Name"]}}]	17	1
284	2024-09-25 15:16:49.695395+12	2	Wave Height	2	[{"changed": {"fields": ["TimeIntervalStart", "TimeIntervalEnd"]}}]	14	1
285	2024-09-25 15:19:03.428766+12	4	Coral Bleaching Alert	2	[{"changed": {"fields": ["Is timeseries"]}}]	14	1
286	2024-09-25 16:03:57.496915+12	5	Sea Surface Temperature Anamolies	2	[{"changed": {"fields": ["Is timeseries"]}}]	14	1
287	2024-09-26 09:21:24.001867+12	6	Sea Surface Temperature	2	[{"changed": {"fields": ["Is timeseries"]}}]	14	1
288	2024-09-26 09:26:06.794863+12	6	Sea Surface Temperature	2	[{"changed": {"fields": ["Datetime format"]}}]	14	1
289	2024-09-26 10:17:45.175121+12	6	Sea Surface Temperature	2	[{"changed": {"fields": ["TimeIntervalStart"]}}]	14	1
290	2024-09-26 11:08:12.32423+12	4	Ocean_Forecast	2	[{"changed": {"fields": ["Title", "Display title"]}}]	18	1
291	2024-09-26 11:08:25.00038+12	3	Ocean_Hindcast	2	[{"changed": {"fields": ["Title", "Display title"]}}]	18	1
292	2024-09-26 11:08:56.127747+12	4	Ocean_Regional_Forecast	2	[{"changed": {"fields": ["Title"]}}]	18	1
293	2024-09-26 11:09:04.682258+12	3	Ocean_Regional_Hindcast	2	[{"changed": {"fields": ["Title"]}}]	18	1
294	2024-09-26 11:09:28.08422+12	5	Ocean_Regional_NearRealTime	1	[{"added": {}}]	18	1
295	2024-09-26 11:09:49.610186+12	2	Regional_Hindcast	2	[{"changed": {"fields": ["Title", "Display title"]}}]	19	1
296	2024-09-26 11:10:03.999729+12	3	Regional_Forecast	2	[{"changed": {"fields": ["Title"]}}]	19	1
297	2024-09-26 11:10:20.759847+12	4	Regional_NearRealTime	1	[{"added": {}}]	19	1
298	2024-09-26 11:10:23.711272+12	4	Regional_NearRealTime	2	[]	19	1
299	2024-09-26 11:10:28.438355+12	3	Regional_Forecast	2	[{"changed": {"fields": ["Display title"]}}]	19	1
300	2024-09-26 11:11:12.004454+12	4	Ocean_Regional_Forecast	2	[{"changed": {"fields": ["Content"]}}]	18	1
301	2024-09-26 11:13:16.565939+12	5	Ocean_Regional_NearRealTime	2	[{"changed": {"fields": ["Content"]}}]	18	1
302	2024-09-26 11:13:44.387156+12	4	Ocean_Regional_Forecast	2	[{"changed": {"fields": ["Content"]}}]	18	1
303	2024-09-26 11:14:01.18103+12	3	Ocean_Regional_Hindcast	2	[{"changed": {"fields": ["Content"]}}]	18	1
304	2024-09-26 11:14:11.577731+12	4	Regional_NearRealTime	2	[{"changed": {"fields": ["Children"]}}]	19	1
305	2024-09-26 11:14:14.89404+12	3	Regional_Forecast	2	[{"changed": {"fields": ["Children"]}}]	19	1
306	2024-09-26 11:14:19.112528+12	2	Regional_Hindcast	2	[]	19	1
307	2024-09-26 11:14:22.408272+12	3	Regional_Forecast	2	[]	19	1
308	2024-09-26 11:14:30.897477+12	5	SubMenu1 object (5)	2	[{"changed": {"fields": ["Children"]}}]	20	1
309	2024-09-26 11:14:33.774054+12	4	SubMenu1 object (4)	2	[{"changed": {"fields": ["Children"]}}]	20	1
310	2024-09-26 11:14:36.775941+12	3	SubMenu1 object (3)	2	[{"changed": {"fields": ["Children"]}}]	20	1
311	2024-09-26 11:14:39.137064+12	3	SubMenu1 object (3)	2	[]	20	1
312	2024-09-26 11:16:40.847227+12	5	SubMenu1 object (5)	2	[{"changed": {"fields": ["Display title"]}}]	20	1
313	2024-09-26 11:16:46.681341+12	4	SubMenu1 object (4)	2	[{"changed": {"fields": ["Display title"]}}]	20	1
314	2024-09-26 11:16:52.389696+12	3	SubMenu1 object (3)	2	[{"changed": {"fields": ["Display title"]}}]	20	1
315	2024-09-26 11:18:25.406147+12	5	Ocean_Regional_NearRealTime	2	[{"changed": {"fields": ["Display title"]}}]	18	1
316	2024-09-26 14:14:42.029157+12	7	SubMenu1 object (7)	1	[{"added": {}}]	20	1
317	2024-09-26 14:15:28.423439+12	7	SubMenu1 object (7)	2	[{"changed": {"fields": ["Display title"]}}]	20	1
318	2024-09-26 14:33:24.258911+12	2	ocean	1	[{"added": {}}]	4	1
319	2024-09-26 14:35:13.462448+12	2	ocean	2	[{"changed": {"fields": ["First name", "Last name", "Email address", "Staff status", "User permissions"]}}]	4	1
320	2024-10-09 16:17:45.020439+12	6	Sea Surface Temperature	2	[{"changed": {"fields": ["Colormin", "Colormax"]}}]	14	1
321	2024-10-17 11:00:44.766343+12	2	waveWatch3_hourly_hindcast	2	[{"changed": {"fields": ["Subset", "Convert longitude"]}}]	7	1
322	2024-10-17 11:05:13.963894+12	2	waveWatch3_hourly_hindcast	2	[{"changed": {"fields": ["Subset", "Convert longitude"]}}]	7	1
323	2024-10-17 11:05:25.474522+12	1	waveWatch3_hourly_forecast	2	[]	7	1
324	2024-10-17 11:05:31.036894+12	2	waveWatch3_hourly_hindcast	2	[]	7	1
325	2024-10-17 11:34:05.632241+12	2	TaskDownload object (2)	2	[{"changed": {"fields": ["Next download file"]}}]	8	1
326	2024-10-17 11:34:30.011545+12	2	waveWatch3_hourly_hindcast	2	[{"changed": {"fields": ["Has variables"]}}]	7	1
327	2024-10-17 11:35:13.718404+12	2	waveWatch3_hourly_hindcast	2	[{"changed": {"fields": ["Xmin xmax"]}}]	7	1
328	2024-10-17 11:39:19.070247+12	2	TaskDownload object (2)	2	[{"changed": {"fields": ["Next download file"]}}]	8	1
329	2024-10-17 11:45:46.191721+12	2	waveWatch3_hourly_hindcast	2	[{"changed": {"fields": ["Convert longitude"]}}]	7	1
330	2024-10-17 11:47:02.885868+12	2	waveWatch3_hourly_hindcast	2	[{"changed": {"fields": ["Xmin xmax"]}}]	7	1
331	2024-10-17 11:50:44.311141+12	2	waveWatch3_hourly_hindcast	2	[{"changed": {"fields": ["Xmin xmax"]}}]	7	1
332	2024-10-17 11:51:02.023764+12	2	TaskDownload object (2)	2	[{"changed": {"fields": ["Next download file"]}}]	8	1
333	2024-10-17 11:54:52.236302+12	2	waveWatch3_hourly_hindcast	2	[{"changed": {"fields": ["Subset"]}}]	7	1
334	2024-10-17 12:12:08.239687+12	2	waveWatch3_hourly_hindcast	2	[{"changed": {"fields": ["Convert longitude"]}}]	7	1
335	2024-10-21 11:02:57.120859+12	8	TaskDownload object (8)	2	[{"changed": {"fields": ["Next download file"]}}]	8	1
336	2024-10-21 15:57:49.742761+12	8	TaskDownload object (8)	2	[{"changed": {"fields": ["Next download file"]}}]	8	1
337	2024-10-22 09:04:57.041212+12	2	waveWatch3_hourly_hindcast	2	[{"changed": {"fields": ["Convert longitude"]}}]	7	1
338	2024-10-22 09:05:41.095897+12	2	TaskDownload object (2)	2	[{"changed": {"fields": ["Next run time", "Next download file"]}}]	8	1
339	2024-10-22 12:27:57.560853+12	2	waveWatch3_hourly_hindcast	2	[{"changed": {"fields": ["Data download url"]}}]	7	1
340	2024-10-22 12:28:14.139164+12	2	TaskDownload object (2)	2	[{"changed": {"fields": ["Next download file"]}}]	8	1
341	2024-11-11 09:26:56.515676+12	2	waveWatch3_hourly_hindcast	2	[{"changed": {"fields": ["Has variables", "Subset", "Convert longitude", "Xmin xmax"]}}]	7	1
342	2024-11-11 09:27:01.049361+12	1	waveWatch3_hourly_forecast	2	[]	7	1
343	2024-11-11 09:27:42.740154+12	2	TaskDownload object (2)	2	[{"changed": {"fields": ["Next run time", "Next download file"]}}]	8	1
344	2024-11-11 09:28:25.209675+12	2	TaskDownload object (2)	2	[]	8	1
345	2024-11-21 12:40:54.164459+12	7	SubMenu1 object (7)	2	[{"changed": {"fields": ["Title"]}}]	20	1
346	2024-11-21 12:41:08.158523+12	7	SubMenu1 object (7)	2	[{"changed": {"fields": ["Children"]}}]	20	1
347	2024-11-21 12:41:17.315749+12	7	SubMenu1 object (7)	2	[{"changed": {"fields": ["Display title"]}}]	20	1
348	2024-11-21 14:56:20.526232+12	7	SubMenu1 object (7)	2	[{"changed": {"fields": ["Title", "Display title"]}}]	20	1
349	2024-11-28 11:19:44.092476+12	2	Wave Height	2	[{"changed": {"fields": ["TimeIntervalStart", "TimeIntervalEnd"]}}]	14	1
350	2024-12-03 10:00:31.736406+12	7	SubMenu1 object (7)	2	[{"changed": {"fields": ["Children"]}}]	20	1
351	2024-12-03 11:42:26.286941+12	2	Wave Height	2	[{"changed": {"fields": ["Metadata one value", "Metadata three value"]}}]	17	1
352	2024-12-04 12:54:43.241177+12	2	Country object (2)	1	[{"added": {}}]	9	1
353	2024-12-04 12:56:40.453211+12	3	Country object (3)	1	[{"added": {}}]	9	1
354	2024-12-04 12:58:14.268674+12	4	Country object (4)	1	[{"added": {}}]	9	1
355	2024-12-04 13:08:40.37855+12	2	Country object (2)	2	[{"changed": {"fields": ["Long name"]}}]	9	1
356	2024-12-12 09:40:53.342698+12	3	TaskDownload object (3)	2	[{"changed": {"fields": ["Next download file"]}}]	8	1
357	2024-12-17 08:39:20.844407+12	3	TaskDownload object (3)	2	[{"changed": {"fields": ["Next download file"]}}]	8	1
358	2024-12-17 08:51:08.492223+12	3	TaskDownload object (3)	2	[{"changed": {"fields": ["Next download file"]}}]	8	1
359	2024-12-18 09:17:05.821099+12	2	Country object (2)	2	[{"changed": {"fields": ["East bound longitude"]}}]	9	1
360	2024-12-23 10:46:38.874964+12	3	TaskDownload object (3)	2	[{"changed": {"fields": ["Next download file"]}}]	8	1
361	2024-12-23 10:53:49.552934+12	4	TaskDownload object (4)	2	[{"changed": {"fields": ["Next download file"]}}]	8	1
362	2024-12-23 11:10:10.130296+12	5	TaskDownload object (5)	2	[{"changed": {"fields": ["Next download file"]}}]	8	1
363	2024-12-23 11:25:42.166367+12	6	TaskDownload object (6)	2	[{"changed": {"fields": ["Next download file"]}}]	8	1
364	2024-12-23 17:00:42.400017+12	7	TaskDownload object (7)	2	[{"changed": {"fields": ["Next download file"]}}]	8	1
365	2024-12-23 17:17:56.403782+12	9	TaskDownload object (9)	2	[{"changed": {"fields": ["Next download file"]}}]	8	1
366	2024-12-23 17:21:54.002177+12	9	TaskDownload object (9)	2	[{"changed": {"fields": ["Next download file"]}}]	8	1
367	2025-01-14 11:35:38.977976+12	3	TaskDownload object (3)	2	[{"changed": {"fields": ["Next download file"]}}]	8	1
368	2025-01-14 12:29:04.601655+12	4	TaskDownload object (4)	2	[{"changed": {"fields": ["Next download file"]}}]	8	1
369	2025-01-14 14:05:36.875451+12	5	TaskDownload object (5)	2	[{"changed": {"fields": ["Next download file"]}}]	8	1
370	2025-01-14 14:14:18.435206+12	6	TaskDownload object (6)	2	[{"changed": {"fields": ["Next download file"]}}]	8	1
371	2025-01-14 14:28:45.360585+12	9	TaskDownload object (9)	2	[{"changed": {"fields": ["Next download file"]}}]	8	1
372	2025-01-14 14:37:17.746487+12	10	TaskDownload object (10)	2	[{"changed": {"fields": ["Next run time"]}}]	8	1
373	2025-01-14 14:41:00.958645+12	10	TaskDownload object (10)	2	[]	8	1
374	2025-01-14 14:43:39.836442+12	10	accesss_sst_forecast	2	[{"changed": {"fields": ["Data download url"]}}]	7	1
375	2025-01-14 14:46:27.997751+12	11	accesss_ssh_forecast	2	[{"changed": {"fields": ["Data download url"]}}]	7	1
376	2025-01-14 15:00:02.956646+12	10	accesss_sst_forecast	2	[{"changed": {"fields": ["Local directory path"]}}]	7	1
377	2025-01-14 15:00:14.366541+12	11	accesss_ssh_forecast	2	[{"changed": {"fields": ["Local directory path"]}}]	7	1
378	2025-01-14 15:04:28.057503+12	12	TaskDownload object (12)	2	[{"changed": {"fields": ["Next download file"]}}]	8	1
379	2025-01-14 16:12:38.08558+12	2	waveWatch3_hourly_hindcast	2	[{"changed": {"fields": ["Has variables"]}}]	7	1
380	2025-01-14 17:03:33.559327+12	2	waveWatch3_hourly_hindcast	2	[{"changed": {"fields": ["Data download url", "Subset", "Convert longitude"]}}]	7	1
381	2025-01-14 17:03:59.941893+12	2	TaskDownload object (2)	2	[{"changed": {"fields": ["Next download file"]}}]	8	1
382	2025-01-14 17:04:44.29143+12	2	waveWatch3_hourly_hindcast	2	[{"changed": {"fields": ["Has variables"]}}]	7	1
383	2025-01-14 17:05:15.278754+12	2	waveWatch3_hourly_hindcast	2	[{"changed": {"fields": ["Variables"]}}]	7	1
384	2025-01-14 19:23:17.9006+12	2	TaskDownload object (2)	2	[{"changed": {"fields": ["Next download file"]}}]	8	1
385	2025-01-14 19:23:35.326344+12	2	waveWatch3_hourly_hindcast	2	[{"changed": {"fields": ["Has variables"]}}]	7	1
386	2025-01-15 16:25:04.944074+12	1	MainMenu object (1)	1	[{"added": {}}]	21	1
387	2025-01-16 08:42:59.857291+12	1	MainMenu object (1)	3		21	1
388	2025-01-16 08:44:49.713738+12	1	Theme object (1)	1	[{"added": {}}]	22	1
389	2025-01-16 08:44:58.868681+12	2	Theme object (2)	1	[{"added": {}}]	22	1
390	2025-01-16 08:45:04.341232+12	3	Theme object (3)	1	[{"added": {}}]	22	1
391	2025-01-16 08:45:10.661537+12	4	Theme object (4)	1	[{"added": {}}]	22	1
392	2025-01-16 08:45:18.20967+12	5	Theme object (5)	1	[{"added": {}}]	22	1
393	2025-01-16 08:45:24.516289+12	6	Theme object (6)	1	[{"added": {}}]	22	1
394	2025-01-16 08:45:31.106824+12	7	Theme object (7)	1	[{"added": {}}]	22	1
395	2025-01-16 08:49:45.52364+12	2	MainMenu object (2)	1	[{"added": {}}]	21	1
396	2025-01-16 08:50:09.944271+12	3	MainMenu object (3)	1	[{"added": {}}]	21	1
397	2025-01-16 09:04:52.87586+12	4	MainMenu object (4)	1	[{"added": {}}]	21	1
398	2025-01-16 10:01:23.269471+12	4	MainMenu object (4)	3		21	1
399	2025-01-16 10:08:17.015733+12	5	MainMenu object (5)	1	[{"added": {}}]	21	1
400	2025-01-16 10:08:39.802658+12	6	MainMenu object (6)	1	[{"added": {}}]	21	1
401	2025-01-16 10:14:33.11236+12	1	waveWatch3_hourly_forecast	2	[{"changed": {"fields": ["Has variables"]}}]	7	1
402	2025-01-16 10:15:47.780769+12	1	TaskDownload object (1)	2	[{"changed": {"fields": ["Next download file"]}}]	8	1
403	2025-01-16 10:41:41.035059+12	2	Wave Height	2	[{"changed": {"fields": ["Period"]}}]	14	1
404	2025-01-16 10:47:43.245097+12	2	Wave Height	2	[{"changed": {"fields": ["Period"]}}]	14	1
405	2025-01-16 10:47:54.127092+12	8	Monthly Chlorophyll	1	[{"added": {}}]	14	1
406	2025-01-16 10:51:32.728994+12	7	Monthly Chlorophyll	1	[{"added": {}}]	17	1
407	2025-01-16 10:51:42.697108+12	3	MainMenu object (3)	2	[{"changed": {"fields": ["Content"]}}]	21	1
408	2025-01-16 10:56:31.447555+12	8	Monthly Chlorophyll	2	[{"changed": {"fields": ["Period"]}}]	14	1
409	2025-01-16 10:56:56.028129+12	8	Monthly Chlorophyll	2	[{"changed": {"fields": ["Is timeseries", "Interval step"]}}]	14	1
410	2025-01-16 11:03:52.882654+12	8	Monthly Chlorophyll	2	[{"changed": {"fields": ["Style"]}}]	14	1
411	2025-01-16 11:12:13.570955+12	8	Monthly Chlorophyll	2	[{"changed": {"fields": ["Colormax"]}}]	14	1
412	2025-01-16 11:12:20.526444+12	2	Wave Height	2	[]	14	1
413	2025-01-16 11:12:27.462765+12	8	Monthly Chlorophyll	2	[{"changed": {"fields": ["Style"]}}]	14	1
414	2025-01-16 11:41:05.745139+12	8	Monthly Chlorophyll	2	[{"changed": {"fields": ["Colormin"]}}]	14	1
415	2025-01-16 11:41:28.33952+12	8	Monthly Chlorophyll	2	[{"changed": {"fields": ["Logscale"]}}]	14	1
416	2025-01-16 11:42:35.581359+12	8	Monthly Chlorophyll	2	[{"changed": {"fields": ["Colormin"]}}]	14	1
417	2025-01-16 11:43:07.138698+12	8	Monthly Chlorophyll	2	[{"changed": {"fields": ["Belowmincolor"]}}]	14	1
418	2025-01-16 12:01:38.8617+12	7	Extended reconstructed sea surface temperature	2	[{"changed": {"fields": ["Colormax"]}}]	14	1
419	2025-01-16 12:02:43.076976+12	8	Monthly Chlorophyll	2	[{"changed": {"fields": ["Style"]}}]	14	1
420	2025-01-16 12:03:24.672736+12	8	Monthly Chlorophyll	2	[{"changed": {"fields": ["Style"]}}]	14	1
421	2025-01-16 12:03:34.715169+12	7	Extended reconstructed sea surface temperature	2	[{"changed": {"fields": ["Style"]}}]	14	1
422	2025-01-16 12:43:54.159638+12	7	Extended reconstructed sea surface temperature	2	[{"changed": {"fields": ["Style"]}}]	14	1
423	2025-01-16 12:46:12.480618+12	7	Extended reconstructed sea surface temperature - Daily	2	[{"changed": {"fields": ["Layer title"]}}]	14	1
424	2025-01-16 12:48:56.218172+12	9	Sea Surface Temperature Anomalies - Daily	1	[{"added": {}}]	14	1
425	2025-01-16 12:49:10.652347+12	7	Sea surface temperature - Daily	2	[{"changed": {"fields": ["Layer title"]}}]	14	1
426	2025-01-16 12:51:31.173802+12	8	Sea Surface Temperature Anomalies - Daily	1	[{"added": {}}]	17	1
427	2025-01-16 12:51:50.792521+12	3	MainMenu object (3)	2	[{"changed": {"fields": ["Content"]}}]	21	1
428	2025-01-16 13:00:59.550346+12	6	Sea Surface Temperature - Forcast	2	[{"changed": {"fields": ["Url", "Layer title", "Specific timestemps"]}}]	14	1
429	2025-01-16 13:02:26.697587+12	6	Sea Surface Temperature - Forcast	2	[]	14	1
430	2025-01-16 13:06:02.701919+12	6	Sea Surface Temperature - Forcast	2	[{"changed": {"fields": ["Style"]}}]	14	1
431	2025-01-16 13:07:37.588189+12	6	Sea Surface Temperature - Forcast	2	[{"changed": {"fields": ["Colormin", "Colormax"]}}]	14	1
432	2025-01-16 13:08:20.393132+12	6	Sea Surface Temperature - Forcast	2	[{"changed": {"fields": ["Colormin", "Colormax"]}}]	14	1
433	2025-01-16 14:22:21.775106+12	4	Coral Bleaching Alert	2	[{"changed": {"fields": ["Style"]}}]	14	1
434	2025-01-20 10:23:24.109269+12	10	Peak Wave Period	1	[{"added": {}}]	14	1
435	2025-01-20 10:24:39.465192+12	2	Significant Wave Height	2	[{"changed": {"fields": ["Layer title"]}}]	14	1
436	2025-01-20 10:27:09.013054+12	2	Significant Wave Height	2	[{"changed": {"fields": ["TimeIntervalStart", "TimeIntervalEnd"]}}]	14	1
437	2025-01-20 10:27:13.377936+12	11	Significant height of wind sea	1	[{"added": {}}]	14	1
438	2025-01-20 10:29:19.734828+12	12	Significant height of primary swell	1	[{"added": {}}]	14	1
439	2025-01-20 10:31:49.830349+12	13	Wind Speed	1	[{"added": {}}]	14	1
440	2025-01-20 10:32:09.033012+12	13	Wind Speed	2	[{"changed": {"fields": ["Style"]}}]	14	1
441	2025-01-20 10:32:24.085266+12	2	Significant Wave Height	2	[{"changed": {"fields": ["Name"]}}]	17	1
442	2025-01-20 10:34:39.768527+12	9	Peak Wave Period	1	[{"added": {}}]	17	1
443	2025-01-20 10:36:43.874081+12	10	Significant Height of Wind Sea	1	[{"added": {}}]	17	1
444	2025-01-20 10:38:12.132558+12	11	Significant height of primary swell	1	[{"added": {}}]	17	1
445	2025-01-20 10:39:54.019295+12	12	Wind Speed	1	[{"added": {}}]	17	1
446	2025-01-20 10:40:24.618153+12	3	MainMenu object (3)	2	[{"changed": {"fields": ["Content"]}}]	21	1
447	2025-01-20 10:44:11.086946+12	13	Wind Speed	2	[{"changed": {"fields": ["Style"]}}]	14	1
448	2025-01-20 10:46:55.623368+12	12	Significant height of primary swell	2	[{"changed": {"fields": ["Is timeseries"]}}]	14	1
449	2025-01-20 10:54:41.462687+12	10	Peak Wave Period	2	[{"changed": {"fields": ["Style"]}}]	14	1
450	2025-01-20 11:12:23.693121+12	14	Mean Wave Direction	1	[{"added": {}}]	14	1
451	2025-01-20 11:13:06.809417+12	13	Mean Wave Direction	1	[{"added": {}}]	17	1
452	2025-01-20 11:13:16.810116+12	3	MainMenu object (3)	2	[{"changed": {"fields": ["Content"]}}]	21	1
453	2025-01-20 11:19:12.889164+12	2	Significant Wave Height	2	[{"changed": {"fields": ["Is composite"]}}]	14	1
454	2025-01-20 11:19:36.710671+12	2	Significant Wave Height	2	[{"changed": {"fields": ["Composite layer id"]}}]	14	1
455	2025-01-20 11:48:26.536282+12	2	Significant Wave Height + Mean Wave Direction	2	[{"changed": {"fields": ["Name"]}}]	17	1
456	2025-01-20 11:48:53.070693+12	2	Significant Wave Height + Mean Wave Direction	2	[{"changed": {"fields": ["Layer title"]}}]	14	1
457	2025-01-20 14:22:05.776903+12	2	Significant Wave Height + Mean Wave Direction	2	[{"changed": {"fields": ["Layer name", "Style"]}}]	14	1
\.


--
-- TOC entry 3932 (class 0 OID 18650)
-- Dependencies: 234
-- Data for Name: django_content_type; Type: TABLE DATA; Schema: public; Owner: postgres
--

COPY public.django_content_type (id, app_label, model) FROM stdin;
1	admin	logentry
2	auth	permission
3	auth	group
4	auth	user
5	contenttypes	contenttype
6	sessions	session
7	datasets	dataset
8	task_download	taskdownload
9	country	country
10	data_type	datatype
11	download_method	downloadmethod
12	web_products	webproducts
13	web_product	webproduct
14	layer_web_map	layerwebmap
15	metadata	metadata
16	menu_sub_sub_category	menusubsubcategory
17	webapp_product	webproduct
18	submenu_3	submenu3
19	submenu_2	submenu2
20	submenu_1	submenu1
21	main_menu	mainmenu
22	theme	theme
23	plotter	plotter
\.


--
-- TOC entry 3934 (class 0 OID 18654)
-- Dependencies: 236
-- Data for Name: django_migrations; Type: TABLE DATA; Schema: public; Owner: postgres
--

COPY public.django_migrations (id, app, name, applied) FROM stdin;
1	contenttypes	0001_initial	2024-08-20 09:50:52.073187+12
2	auth	0001_initial	2024-08-20 09:50:52.194569+12
3	admin	0001_initial	2024-08-20 09:50:52.231885+12
4	admin	0002_logentry_remove_auto_add	2024-08-20 09:50:52.239757+12
5	admin	0003_logentry_add_action_flag_choices	2024-08-20 09:50:52.246891+12
6	contenttypes	0002_remove_content_type_name	2024-08-20 09:50:52.263546+12
7	auth	0002_alter_permission_name_max_length	2024-08-20 09:50:52.270891+12
8	auth	0003_alter_user_email_max_length	2024-08-20 09:50:52.279046+12
9	auth	0004_alter_user_username_opts	2024-08-20 09:50:52.288464+12
10	auth	0005_alter_user_last_login_null	2024-08-20 09:50:52.297691+12
11	auth	0006_require_contenttypes_0002	2024-08-20 09:50:52.299861+12
12	auth	0007_alter_validators_add_error_messages	2024-08-20 09:50:52.30727+12
13	auth	0008_alter_user_username_max_length	2024-08-20 09:50:52.321268+12
14	auth	0009_alter_user_last_name_max_length	2024-08-20 09:50:52.330196+12
15	auth	0010_alter_group_name_max_length	2024-08-20 09:50:52.339082+12
16	auth	0011_update_proxy_permissions	2024-08-20 09:50:52.348196+12
17	auth	0012_alter_user_first_name_max_length	2024-08-20 09:50:52.357341+12
18	country	0001_initial	2024-08-20 09:50:52.37207+12
19	country	0002_alter_country_east_bound_longitude_and_more	2024-08-20 09:50:52.408963+12
20	data_type	0001_initial	2024-08-20 09:50:52.420147+12
21	download_method	0001_initial	2024-08-20 09:50:52.427075+12
22	datasets	0001_initial	2024-08-20 09:50:52.443307+12
23	datasets	0002_alter_dataset_api_key_alter_dataset_check_days_and_more	2024-08-20 09:50:52.52982+12
24	datasets	0003_alter_dataset_data_type_and_more	2024-08-20 09:50:52.574609+12
25	datasets	0004_alter_dataset_data_type_and_more	2024-08-20 09:50:52.60525+12
26	datasets	0005_alter_dataset_download_file_infix_and_more	2024-08-20 09:50:52.618096+12
27	sessions	0001_initial	2024-08-20 09:50:52.648011+12
28	task_download	0001_initial	2024-08-20 09:50:52.66888+12
29	task_download	0002_alter_taskdownload_dataset_id	2024-08-20 09:50:52.714011+12
30	task_download	0003_alter_taskdownload_dataset_id	2024-08-20 09:50:52.746798+12
31	task_download	0004_taskdownload_retention_days_and_more	2024-08-20 09:50:52.775242+12
32	web_products	0001_initial	2024-09-06 10:30:12.512312+12
33	web_product	0001_initial	2024-09-06 10:47:24.956718+12
34	web_product	0002_webproduct_bbox_type_webproduct_east_bound_longitude_and_more	2024-09-06 11:01:39.162362+12
35	layer_web_map	0001_initial	2024-09-06 11:19:18.466682+12
36	layer_web_map	0002_alter_layerwebmap_colormax_and_more	2024-09-06 11:20:58.306296+12
37	web_product	0003_webproduct_layer_web_map_id	2024-09-06 11:29:12.596458+12
38	web_product	0004_alter_webproduct_bbox_type_and_more	2024-09-06 11:31:04.612945+12
39	menu_sub_sub_category	0001_initial	2024-09-06 12:09:54.264486+12
40	metadata	0001_initial	2024-09-06 12:09:54.278053+12
41	web_product	0005_webproduct_metadata	2024-09-06 12:12:38.769959+12
42	web_product	0006_remove_webproduct_metadata_five_id_and_more	2024-09-06 12:12:53.4279+12
43	web_product	0007_remove_webproduct_metadata	2024-09-06 12:23:34.582505+12
44	webapp_product	0001_initial	2024-09-06 13:18:50.601241+12
45	webapp_product	0002_webproduct_bbox_type_webproduct_copyright_and_more	2024-09-06 13:26:03.165061+12
46	webapp_product	0003_webproduct_layer_information	2024-09-06 13:28:04.298606+12
47	submenu_3	0001_initial	2024-09-06 13:33:21.973597+12
48	submenu_3	0002_submenu3_content	2024-09-06 14:06:47.030889+12
49	submenu_2	0001_initial	2024-09-06 14:16:36.234765+12
50	submenu_2	0002_submenu2_children	2024-09-06 14:18:04.469672+12
51	submenu_2	0003_submenu2_content	2024-09-06 14:20:48.156222+12
52	submenu_1	0001_initial	2024-09-06 14:29:40.706852+12
53	submenu_1	0002_alter_submenu1_children	2024-09-06 14:39:34.382879+12
54	submenu_2	0004_alter_submenu2_children	2024-09-06 14:39:34.397204+12
55	submenu_3	0003_alter_submenu3_content	2024-09-06 14:39:34.406101+12
56	webapp_product	0004_alter_webproduct_layer_information	2024-09-06 14:39:34.417061+12
57	layer_web_map	0003_layerwebmap_datetime_format_layerwebmap_on_click_url_and_more	2024-09-10 15:04:08.824919+12
58	layer_web_map	0004_alter_layerwebmap_update_color_and_more	2024-09-10 15:05:51.564145+12
59	layer_web_map	0005_alter_layerwebmap_on_click_url	2024-09-10 15:08:21.118652+12
60	task_download	0005_taskdownload_update_api_url_and_more	2024-09-18 11:25:15.063442+12
61	datasets	0006_dataset_convert_longitude	2024-09-18 11:42:31.676296+12
62	datasets	0007_alter_dataset_convert_longitude	2024-09-18 11:48:45.419929+12
63	layer_web_map	0006_layerwebmap_is_composite	2024-09-18 12:22:43.006535+12
64	layer_web_map	0007_layerwebmap_chart_style_layerwebmap_enable_chart_and_more	2024-09-18 12:24:37.779688+12
65	task_download	0006_remove_taskdownload_update_api_url_and_more	2024-09-23 15:30:08.378973+12
66	layer_web_map	0008_layerwebmap_has_depth_layerwebmap_has_height_and_more	2024-09-23 15:48:50.696924+12
67	layer_web_map	0009_layerwebmap_composite_layer_id	2024-09-24 14:08:41.260518+12
68	layer_web_map	0010_layerwebmap_interval_step	2024-09-24 14:41:01.062395+12
69	layer_web_map	0011_layerwebmap_has_specific_timestep_and_more	2024-09-24 15:20:17.027578+12
70	submenu_2	0005_submenu2_display_title	2024-09-26 11:04:46.49175+12
71	submenu_3	0004_submenu3_on_click_url	2024-09-26 11:04:46.545705+12
72	submenu_3	0005_rename_on_click_url_submenu3_display_title	2024-09-26 11:05:47.597627+12
73	submenu_1	0003_submenu1_display_title	2024-09-26 11:16:26.38291+12
74	main_menu	0001_initial	2025-01-15 16:24:47.475914+12
75	main_menu	0002_rename_submenu1_mainmenu	2025-01-15 16:24:47.500254+12
76	main_menu	0003_alter_mainmenu_options	2025-01-15 16:24:47.505536+12
77	theme	0001_initial	2025-01-16 08:42:09.40629+12
78	main_menu	0004_mainmenu_theme	2025-01-16 08:44:19.405737+12
79	layer_web_map	0012_layerwebmap_logscale	2025-01-16 11:29:26.388108+12
80	layer_web_map	0013_alter_layerwebmap_colormax_and_more	2025-01-16 11:42:23.837275+12
81	plotter	0001_initial	2025-01-20 15:23:57.828546+12
82	plotter	0002_plotter_annual_clim_label_str_plotter_area_and_more	2025-01-20 16:19:10.597476+12
\.


--
-- TOC entry 3936 (class 0 OID 18660)
-- Dependencies: 238
-- Data for Name: django_session; Type: TABLE DATA; Schema: public; Owner: postgres
--

COPY public.django_session (session_key, session_data, expire_date) FROM stdin;
kvihyupcldtb5qzv6lz0krx7pbbfl0hk	.eJxVjMsOwiAQRf-FtSE8WgGX7vsNZIYZpGogKe3K-O_apAvd3nPOfYkI21ri1nmJM4mL0OL0uyGkB9cd0B3qrcnU6rrMKHdFHrTLqRE_r4f7d1Cgl2_tACHzGICys8aHc9JmAOZBBZ0dA6Jm663yypkUvAouuIQEGhRrpFG8P_0KOF8:1sgAIE:8ZuzW3TPDJKkRFnl-nASYQn7Lpt1DOVFZwkDsDEdXtM	2024-09-03 09:52:02.782591+12
phk5ubjckcl0zip4g33ipdc1wi6qp8bl	.eJxVjMsOwiAQRf-FtSE8WgGX7vsNZIYZpGogKe3K-O_apAvd3nPOfYkI21ri1nmJM4mL0OL0uyGkB9cd0B3qrcnU6rrMKHdFHrTLqRE_r4f7d1Cgl2_tACHzGICys8aHc9JmAOZBBZ0dA6Jm663yypkUvAouuIQEGhRrpFG8P_0KOF8:1sgsek:frU92Y0wdRpO_jMoGz7NoUMA9XsE1GdIClJ1HOvUHWI	2024-09-05 09:14:14.781834+12
9m2uawoeab1wluazxfsf5r81hfvkqveu	.eJxVjMsOwiAQRf-FtSE8WgGX7vsNZIYZpGogKe3K-O_apAvd3nPOfYkI21ri1nmJM4mL0OL0uyGkB9cd0B3qrcnU6rrMKHdFHrTLqRE_r4f7d1Cgl2_tACHzGICys8aHc9JmAOZBBZ0dA6Jm663yypkUvAouuIQEGhRrpFG8P_0KOF8:1sgzLi:2S_kwAj4ABUFTiXYZ8JHc_KxejDa_MKBHoQPOev63v4	2024-09-05 16:23:02.355836+12
ldqew335vuon0dt8xp0ns8oeyohyfvwg	.eJxVjMsOwiAQRf-FtSE8WgGX7vsNZIYZpGogKe3K-O_apAvd3nPOfYkI21ri1nmJM4mL0OL0uyGkB9cd0B3qrcnU6rrMKHdFHrTLqRE_r4f7d1Cgl2_tACHzGICys8aHc9JmAOZBBZ0dA6Jm663yypkUvAouuIQEGhRrpFG8P_0KOF8:1sksFb:N4zwfhDOcRlcxb5E6RBzr1PpCoBpLYKyrhoDUXx8egg	2024-09-16 09:36:47.951235+12
2i4brwlzpugcpon7n0hqoe6ix24d5oiz	.eJxVjEEOwiAQRe_C2hALgRlcuvcMZGagUjWQlHbVeHdt0oVu_3vvbyrSupS49jzHKamLGtTpd2OSZ647SA-q96al1WWeWO-KPmjXt5by63q4fweFevnWHgHABhEUBmeNxZwZQcD4wI7CKGe2ziASp-yFgiPDhCwjAPMA6v0B4t84fg:1smKzg:LbTDMrBraHh13yqpZ1EAwtwOIjTUSnvNx86q6t5huRY	2024-09-20 10:30:24.838281+12
efcehwz2kz1fbhgblkr34su9twk22omf	.eJxVjEEOwiAQRe_C2hALgRlcuvcMZGagUjWQlHbVeHdt0oVu_3vvbyrSupS49jzHKamLGtTpd2OSZ647SA-q96al1WWeWO-KPmjXt5by63q4fweFevnWHgHABhEUBmeNxZwZQcD4wI7CKGe2ziASp-yFgiPDhCwjAPMA6v0B4t84fg:1smL5P:UZkid2KGTPqgWS8z4HXAeHmb5SfqX3hptTBq0BO3jT0	2024-09-20 10:36:19.568188+12
fajhywb967vpl0oaa20xvn1sq435vmy0	.eJxVjEEOwiAQRe_C2hALgRlcuvcMZGagUjWQlHbVeHdt0oVu_3vvbyrSupS49jzHKamLGtTpd2OSZ647SA-q96al1WWeWO-KPmjXt5by63q4fweFevnWHgHABhEUBmeNxZwZQcD4wI7CKGe2ziASp-yFgiPDhCwjAPMA6v0B4t84fg:1snUZo:0wUrKXuV2eb9UP44ixqktEYhhRFK27tbXvXSU0_Z90A	2024-09-23 14:56:28.020396+12
z42yxloh23bpooxsq24qxsdj0yl903oa	.eJxVjEEOwiAQRe_C2hALgRlcuvcMZGagUjWQlHbVeHdt0oVu_3vvbyrSupS49jzHKamLGtTpd2OSZ647SA-q96al1WWeWO-KPmjXt5by63q4fweFevnWHgHABhEUBmeNxZwZQcD4wI7CKGe2ziASp-yFgiPDhCwjAPMA6v0B4t84fg:1snrcs:fLE-phk-IXwThdqPucU4Q83sHSCrzjOmfFO5DZy6SoE	2024-09-24 15:33:10.604285+12
d194d868rozugkc6c20ffeik057upyjf	.eJxVjEEOwiAQRe_C2hALgRlcuvcMZGagUjWQlHbVeHdt0oVu_3vvbyrSupS49jzHKamLGtTpd2OSZ647SA-q96al1WWeWO-KPmjXt5by63q4fweFevnWHgHABhEUBmeNxZwZQcD4wI7CKGe2ziASp-yFgiPDhCwjAPMA6v0B4t84fg:1snsMF:acAYgt9s-iWmmmqYCplRnuXKl70g9g0WkCA5cPCwclk	2024-09-24 16:20:03.431024+12
gbdt0v8gusdpr3w5b1cx80n4aefrjblc	.eJxVjEEOwiAQRe_C2hALgRlcuvcMZGagUjWQlHbVeHdt0oVu_3vvbyrSupS49jzHKamLGtTpd2OSZ647SA-q96al1WWeWO-KPmjXt5by63q4fweFevnWHgHABhEUBmeNxZwZQcD4wI7CKGe2ziASp-yFgiPDhCwjAPMA6v0B4t84fg:1sqhG7:YE8mxAEVKaJD5vpj2ul_2YPSN19vPfq6KS9zGKFsU08	2024-10-02 11:05:23.813983+12
ret6cxlybr25i6oxgre6nn7p33cdzvqr	.eJxVjEEOwiAQRe_C2hALgRlcuvcMZGagUjWQlHbVeHdt0oVu_3vvbyrSupS49jzHKamLGtTpd2OSZ647SA-q96al1WWeWO-KPmjXt5by63q4fweFevnWHgHABhEUBmeNxZwZQcD4wI7CKGe2ziASp-yFgiPDhCwjAPMA6v0B4t84fg:1steoc:rJhHH97_PcGrMavkjilGuG6K4kaGhr8MjaYHvpQG_sM	2024-10-10 15:05:14.332768+12
yw6bv1nbzcf1usm47h0b7mjw5arcvuyh	.eJxVjEEOwiAQRe_C2hCgVMCle89AGGZGqgaS0q6Md7dNutDtf-_9t4hpXUpcO81xQnERRpx-N0j5SXUH-Ej13mRudZknkLsiD9rlrSG9rof7d1BSL1sdgLVHymbMxtA54OAwew1OGSBWvDHOxoURBtaITiEha2u91qAssPh8AQwGOPI:1stg34:gc6Rpz3ITFQl2hiuNeN7tIHk4b6tNPhCyr1x4RjX1aQ	2024-10-10 16:24:14.677004+12
pafsy4a6k6tgz935txq3kewcc0k6biyd	.eJxVjEEOwiAQRe_C2hALgRlcuvcMZGagUjWQlHbVeHdt0oVu_3vvbyrSupS49jzHKamLGtTpd2OSZ647SA-q96al1WWeWO-KPmjXt5by63q4fweFevnWHgHABhEUBmeNxZwZQcD4wI7CKGe2ziASp-yFgiPDhCwjAPMA6v0B4t84fg:1t0qRL:AgnF_XfXnyUD4kNKcDKRXQDrIC_koB6JDXV7qOjd_Xc	2024-10-30 10:54:55.969573+12
0mic6x34nn3j01fb5uwn2onaagj2h32p	.eJxVjEEOwiAQRe_C2hALgRlcuvcMZGagUjWQlHbVeHdt0oVu_3vvbyrSupS49jzHKamLGtTpd2OSZ647SA-q96al1WWeWO-KPmjXt5by63q4fweFevnWHgHABhEUBmeNxZwZQcD4wI7CKGe2ziASp-yFgiPDhCwjAPMA6v0B4t84fg:1t1CXl:P94jx_S6LkhVhF_Q55uwKSzAzrLMY9_l49nDRhz-EeA	2024-10-31 10:31:01.189748+12
ig4zoxjx4sy0w5imn9lib37pqagchn8k	.eJxVjEEOwiAQRe_C2hALgRlcuvcMZGagUjWQlHbVeHdt0oVu_3vvbyrSupS49jzHKamLGtTpd2OSZ647SA-q96al1WWeWO-KPmjXt5by63q4fweFevnWHgHABhEUBmeNxZwZQcD4wI7CKGe2ziASp-yFgiPDhCwjAPMA6v0B4t84fg:1t31gy:_osy9sXZoe8QgAF17Ixgry80uD2-uoKBtIFlSjQNldc	2024-11-05 11:20:04.092421+12
e942qlxqic886x7deqm3c2dw34yvb28m	.eJxVjEEOwiAQRe_C2hALgRlcuvcMZGagUjWQlHbVeHdt0oVu_3vvbyrSupS49jzHKamLGtTpd2OSZ647SA-q96al1WWeWO-KPmjXt5by63q4fweFevnWHgHABhEUBmeNxZwZQcD4wI7CKGe2ziASp-yFgiPDhCwjAPMA6v0B4t84fg:1t8TLQ:6VozWXq4J7f0osIeyQgtljsIvMjUljYHLxT_QY6NVdI	2024-11-20 11:52:20.567827+12
16tq5lreu67ki00m8yet7ff4wieudk1m	.eJxVjEEOwiAQRe_C2hALgRlcuvcMZGagUjWQlHbVeHdt0oVu_3vvbyrSupS49jzHKamLGtTpd2OSZ647SA-q96al1WWeWO-KPmjXt5by63q4fweFevnWHgHABhEUBmeNxZwZQcD4wI7CKGe2ziASp-yFgiPDhCwjAPMA6v0B4t84fg:1t8TMQ:ZuTRzDWWs8IKm4xL2_-5qcWLeuL1gPKxoW9YDCPQfmo	2024-11-20 11:53:22.543289+12
123apm2twmt9wkmyxfr404yo7p7f4lvu	.eJxVjEEOwiAQRe_C2hALgRlcuvcMZGagUjWQlHbVeHdt0oVu_3vvbyrSupS49jzHKamLGtTpd2OSZ647SA-q96al1WWeWO-KPmjXt5by63q4fweFevnWHgHABhEUBmeNxZwZQcD4wI7CKGe2ziASp-yFgiPDhCwjAPMA6v0B4t84fg:1tCqTI:jceb87_xKs9v0OfKuU-4ZkBqluMJG1pl15qwIHGJStE	2024-12-02 13:22:32.308991+12
bwrfzgjj0ie4pmkuiteqo3fum6ufufpx	.eJxVjEEOwiAQRe_C2hALgRlcuvcMZGagUjWQlHbVeHdt0oVu_3vvbyrSupS49jzHKamLGtTpd2OSZ647SA-q96al1WWeWO-KPmjXt5by63q4fweFevnWHgHABhEUBmeNxZwZQcD4wI7CKGe2ziASp-yFgiPDhCwjAPMA6v0B4t84fg:1tDxMW:rgxmGD3xwH9b0HatdgTNFNZfJGJcmENyJomKBI5zMc4	2024-12-05 14:56:08.773043+12
ja27hasw53f8or96ucqwhexf7m5i6ue5	.eJxVjEEOwiAQRe_C2hALgRlcuvcMZGagUjWQlHbVeHdt0oVu_3vvbyrSupS49jzHKamLGtTpd2OSZ647SA-q96al1WWeWO-KPmjXt5by63q4fweFevnWHgHABhEUBmeNxZwZQcD4wI7CKGe2ziASp-yFgiPDhCwjAPMA6v0B4t84fg:1tL7vA:rS8CEUjBec-6d2SG_dWGlUdJGQVr10mKns9r6s-UuiU	2024-12-25 09:37:32.209877+12
predz9ci7l0k097ocsx2eaqggzi67rfd	.eJxVjEEOwiAQRe_C2hALgRlcuvcMZGagUjWQlHbVeHdt0oVu_3vvbyrSupS49jzHKamLGtTpd2OSZ647SA-q96al1WWeWO-KPmjXt5by63q4fweFevnWHgHABhEUBmeNxZwZQcD4wI7CKGe2ziASp-yFgiPDhCwjAPMA6v0B4t84fg:1tXTxl:kTCr3dTQA4NtiawFgLZWMLe9ju1MQfIFCrknacNUAxc	2025-01-28 11:35:17.410066+12
5h4r47h4u2kyncgujo7vuef6esg82mm6	.eJxVjEEOwiAQRe_C2hALgRlcuvcMZGagUjWQlHbVeHdt0oVu_3vvbyrSupS49jzHKamLGtTpd2OSZ647SA-q96al1WWeWO-KPmjXt5by63q4fweFevnWHgHABhEUBmeNxZwZQcD4wI7CKGe2ziASp-yFgiPDhCwjAPMA6v0B4t84fg:1tXbF7:_wpXZ0KOwFM529f7UgAPdrzz_mfAqthq5fm-hFaH0Mk	2025-01-28 19:21:41.400182+12
et96az9jvlsd5dj2c9mysc0woxc6gq14	.eJxVjEEOwiAQRe_C2hALgRlcuvcMZGagUjWQlHbVeHdt0oVu_3vvbyrSupS49jzHKamLGtTpd2OSZ647SA-q96al1WWeWO-KPmjXt5by63q4fweFevnWHgHABhEUBmeNxZwZQcD4wI7CKGe2ziASp-yFgiPDhCwjAPMA6v0B4t84fg:1tXuwE:B_3ZYxwQlmdFVt-Xdv7_FLXfVhEqPa86sktJXtfEKWU	2025-01-29 16:23:30.618488+12
\.


--
-- TOC entry 3937 (class 0 OID 18665)
-- Dependencies: 239
-- Data for Name: download_method_downloadmethod; Type: TABLE DATA; Schema: public; Owner: postgres
--

COPY public.download_method_downloadmethod (id, name) FROM stdin;
1	https
2	obdaac_download
3	copernicusmarine
\.


--
-- TOC entry 3939 (class 0 OID 18669)
-- Dependencies: 241
-- Data for Name: layer_web_map_layerwebmap; Type: TABLE DATA; Schema: public; Owner: postgres
--

COPY public.layer_web_map_layerwebmap (id, enabled, "zoomToLayer", url, layer_title, layer_type, is_timeseries, image_format, layer_name, transparent, style, colormin, colormax, abovemaxcolor, belowmincolor, numcolorbands, "timeIntervalStart", "timeIntervalEnd", period, opacity, legend_url, datetime_format, on_click_url, update_color, update_legend, update_transparency, is_composite, chart_style, enable_chart, generate_png, has_depth, has_height, update_thredds, composite_layer_id, interval_step, has_specific_timestep, specific_timestemps, logscale) FROM stdin;
3	t	t	https://dev-oceanportal.spc.int/thredds/wms/POP/model/regional/copernicus/forecast/daily/salinity/latest.nc	Salinity	WMS	t	image/png	so	t	default-scalar/default	0	40	extend	transparent	250	2024-09-17 12:00:00+12	2024-09-23 12:00:00+12	COMMA	1	https://dev-oceanportal.spc.int/thredds/wms/POP/model/regional/copernicus/forecast/daily/salinity/latest.nc?REQUEST=GetLegendGraphic&PALETTE=default&LAYERS=so&STYLES=raster/default	Daily	\N	t	t	t	f	\N	f	f	f	f	f	\N	\N	f	\N	f
5	t	t	https://dev-oceanportal.spc.int/thredds/wms/POP/model/regional/noaa/hindcast/daily/sst_anomalies/latest.ncml	Sea Surface Temperature Anamolies	WMS	f	image/png	anom	t	raster/x-Sst	-3	8	extend	transparent	250	2024-09-04 12:00:00+12	2024-11-13 12:00:00+12	P1D	1	https://dev-oceanportal.spc.int/thredds/wms/POP/model/regional/bom/forecast/hourly/wavewatch3/latest.nc?REQUEST=GetLegendGraphic&PALETTE=default&LAYERS=mn_wav_dir&STYLES=raster/x-Sst&COLORSCALERANGE=0,4	DAILY	\N	t	t	t	f	\N	f	f	f	f	t	\N	24	f	\N	f
2	t	t	https://dev-oceanportal.spc.int/thredds/wms/POP/model/regional/bom/forecast/hourly/wavewatch3/latest.nc	Significant Wave Height + Mean Wave Direction	WMS	t	image/png	sig_wav_ht,mn_wav_dir	t	raster/x-Sst,black-arrow	0	4	extend	transparent	250	2025-01-12 00:00:00+12	2025-01-19 00:00:00+12	PT6H	1	https://dev-oceanportal.spc.int/thredds/wms/POP/model/regional/bom/forecast/hourly/wavewatch3/latest.nc?REQUEST=GetLegendGraphic&PALETTE=default&LAYERS=mn_wav_dir&STYLES=raster/x-Sst&COLORSCALERANGE=0,4	HOURLY	\N	t	t	t	t	\N	f	f	f	f	t	14	6	f	\N	f
11	t	t	https://dev-oceanportal.spc.int/thredds/wms/POP/model/regional/bom/forecast/hourly/wavewatch3/latest.nc	Significant height of wind sea	WMS	t	image/png	sig_ht_wnd_sea	t	raster/x-Sst	0	4	extend	transparent	250	2025-01-12 00:00:00+12	2025-01-19 00:00:00+12	PT6H	1	https://dev-oceanportal.spc.int/thredds/wms/POP/model/regional/bom/forecast/hourly/wavewatch3/latest.nc?REQUEST=GetLegendGraphic&PALETTE=default&LAYERS=mn_wav_dir&STYLES=raster/x-Sst&COLORSCALERANGE=0,4	HOURLY	\N	t	t	t	f	\N	f	f	f	f	t	\N	6	f	\N	f
9	t	t	https://dev-oceanportal.spc.int/thredds/wms/POP/model/regional/noaa/hindcast/monthly/ersst/latest.ncml	Sea Surface Temperature Anomalies - Daily	https://dev-oceanportal.spc.int/thredds/wms/POP/model/regional/noaa/hindcast/monthly/ersst/latest.ncml	t	image/png	ssta	t	scalar-contour/x-Sst	-2	2	extend	transparent	250	2024-06-01 12:00:00+12	2024-11-01 12:00:00+12	COMMA	1	https://dev-oceanportal.spc.int/thredds/wms/POP/model/regional/bom/forecast/hourly/wavewatch3/latest.nc?REQUEST=GetLegendGraphic&PALETTE=default&LAYERS=mn_wav_dir&STYLES=raster%2Fx-Sst&COLORSCALERANGE=0%2C4	MONTHLY	\N	t	t	t	f	\N	f	f	f	f	f	\N	1	f	\N	f
7	t	t	https://dev-oceanportal.spc.int/thredds/wms/POP/model/regional/noaa/hindcast/monthly/ersst/latest.ncml	Sea surface temperature - Daily	https://dev-oceanportal.spc.int/thredds/wms/POP/model/regional/noaa/hindcast/monthly/ersst/latest.ncml	t	image/png	sst	t	scalar-contour/x-Sst	0	32	extend	transparent	250	2024-06-01 12:00:00+12	2024-11-01 12:00:00+12	COMMA	1	https://dev-oceanportal.spc.int/thredds/wms/POP/model/regional/bom/forecast/hourly/wavewatch3/latest.nc?REQUEST=GetLegendGraphic&PALETTE=default&LAYERS=mn_wav_dir&STYLES=raster%2Fx-Sst&COLORSCALERANGE=0%2C4	MONTHLY	\N	t	t	t	f	\N	f	f	f	f	t	\N	1	f	\N	f
8	t	t	https://dev-oceanportal.spc.int/thredds/wms/POP/model/regional/nasa/nrt/monthly/chlorophyll/latest.ncml	Monthly Chlorophyll	WMS	f	image/png	chlor_a	t	raster/x-Sst	0.1	10	extend	extend	250	2024-07-01 12:00:00+12	2024-12-01 12:00:00+12	OPENDAP	1	https://dev-oceanportal.spc.int/thredds/wms/POP/model/regional/bom/forecast/hourly/wavewatch3/latest.nc?REQUEST=GetLegendGraphic&PALETTE=default&LAYERS=mn_wav_dir&STYLES=raster/x-Sst&COLORSCALERANGE=0,4	MONTHLY	\N	t	t	t	f	\N	f	f	f	f	f	\N	\N	t	2024-07-01T00:00:00.000Z,2024-08-01T00:00:00.000Z,2024-10-01T00:00:00.000Z,2024-11-01T00:00:00.000Z,2024-12-01T00:00:00.000Z	t
6	t	t	https://dev-oceanportal.spc.int/thredds/wms/POP/model/regional/bom/forecast/monthly/accesss/sst/latest.nc	Sea Surface Temperature - Forcast	WMS	f	image/png	sst	t	scalar-contour/x-Sst	-1	5	extend	transparent	250	2024-12-17 00:00:00+12	2025-04-17 12:00:00+12	OPENDAP	1	https://dev-oceanportal.spc.int/thredds/wms/POP/model/regional/bom/forecast/hourly/wavewatch3/latest.nc?REQUEST=GetLegendGraphic&PALETTE=default&LAYERS=mn_wav_dir&STYLES=raster%2Fx-Sst&COLORSCALERANGE=0%2C4	MONTHLY	\N	t	t	t	f	\N	f	f	f	f	t	\N	\N	t	2025-02-15T00:00:00.000Z,2025-03-16T12:00:00.000Z	f
4	t	t	https://dev-oceanportal.spc.int/thredds/wms/POP/model/regional/noaa/nrt/daily/coral_bleaching/latest.ncml	Coral Bleaching Alert	WMS	f	image/png	bleaching_alert_area	t	test	0	7	extend	transparent	250	2024-09-21 12:00:00+12	2024-09-22 12:00:00+12	COMMA	1	https://dev-oceanportal.spc.int/thredds/wms/POP/model/regional/bom/forecast/hourly/wavewatch3/latest.nc?REQUEST=GetLegendGraphic&PALETTE=default&LAYERS=mn_wav_dir&STYLES=raster/x-Sst&COLORSCALERANGE=0,4	DAILY	\N	t	t	t	f	\N	f	f	f	f	t	\N	24	f	\N	f
13	t	t	https://dev-oceanportal.spc.int/thredds/wms/POP/model/regional/bom/forecast/hourly/wavewatch3/latest.nc	Wind Speed	WMS	t	image/png	wnd_spd	t	black-arrow	0	360	extend	transparent	250	2025-01-12 00:00:00+12	2025-01-19 00:00:00+12	PT6H	1	https://dev-oceanportal.spc.int/thredds/wms/POP/model/regional/bom/forecast/hourly/wavewatch3/latest.nc?REQUEST=GetLegendGraphic&PALETTE=default&LAYERS=mn_wav_dir&STYLES=raster/x-Sst&COLORSCALERANGE=0,4	HOURLY	\N	t	t	t	f	\N	f	f	f	f	t	\N	6	f	\N	f
10	t	t	https://dev-oceanportal.spc.int/thredds/wms/POP/model/regional/bom/forecast/hourly/wavewatch3/latest.nc	Peak Wave Period	WMS	t	image/png	pk_wav_per	t	raster/x-Sst	0	360	extend	transparent	250	2025-01-12 00:00:00+12	2025-01-19 00:00:00+12	PT6H	1	https://dev-oceanportal.spc.int/thredds/wms/POP/model/regional/bom/forecast/hourly/wavewatch3/latest.nc?REQUEST=GetLegendGraphic&PALETTE=default&LAYERS=mn_wav_dir&STYLES=raster/x-Sst&COLORSCALERANGE=0,4	HOURLY	\N	t	t	t	f	\N	f	f	f	f	t	\N	6	f	\N	f
12	t	t	https://dev-oceanportal.spc.int/thredds/wms/POP/model/regional/bom/forecast/hourly/wavewatch3/latest.nc	Significant height of primary swell	WMS	t	image/png	sig_ht_sw1	t	raster/x-Sst	0	4	extend	transparent	250	2025-01-12 00:00:00+12	2025-01-19 00:00:00+12	PT6H	1	https://dev-oceanportal.spc.int/thredds/wms/POP/model/regional/bom/forecast/hourly/wavewatch3/latest.nc?REQUEST=GetLegendGraphic&PALETTE=default&LAYERS=mn_wav_dir&STYLES=raster/x-Sst&COLORSCALERANGE=0,4	HOURLY	\N	t	t	t	f	\N	f	f	f	f	t	\N	6	f	\N	f
14	t	t	https://dev-oceanportal.spc.int/thredds/wms/POP/model/regional/bom/forecast/hourly/wavewatch3/latest.nc	Mean Wave Direction	WMS	t	image/png	mn_wav_dir	t	black-arrow	0	360	extend	transparent	250	2025-01-12 00:00:00+12	2025-01-19 00:00:00+12	PT6H	1	https://dev-oceanportal.spc.int/thredds/wms/POP/model/regional/bom/forecast/hourly/wavewatch3/latest.nc?REQUEST=GetLegendGraphic&PALETTE=default&LAYERS=mn_wav_dir&STYLES=raster/x-Sst&COLORSCALERANGE=0,4	HOURLY	\N	t	t	t	f	\N	f	f	f	f	t	\N	6	f	\N	f
\.


--
-- TOC entry 3960 (class 0 OID 18909)
-- Dependencies: 262
-- Data for Name: main_menu_mainmenu; Type: TABLE DATA; Schema: public; Owner: postgres
--

COPY public.main_menu_mainmenu (id, title, display_title, theme_id) FROM stdin;
2	Data Catalogue Forecast	Forecast	1
5	Data Catalogue Near Real Time	Near Real Time	1
6	Data Catalogue Insitu Observations	Insitu Observations	1
3	Data Catalogue Hindcast	Hindcast	1
\.


--
-- TOC entry 3962 (class 0 OID 18917)
-- Dependencies: 264
-- Data for Name: main_menu_mainmenu_content; Type: TABLE DATA; Schema: public; Owner: postgres
--

COPY public.main_menu_mainmenu_content (id, mainmenu_id, webproduct_id) FROM stdin;
2	2	2
3	2	3
4	2	4
5	2	5
6	2	6
16	3	2
17	3	9
18	3	10
19	3	11
20	3	12
21	3	13
\.


--
-- TOC entry 3941 (class 0 OID 18675)
-- Dependencies: 243
-- Data for Name: menu_sub_sub_category_menusubsubcategory; Type: TABLE DATA; Schema: public; Owner: postgres
--

COPY public.menu_sub_sub_category_menusubsubcategory (id, title) FROM stdin;
\.


--
-- TOC entry 3966 (class 0 OID 18968)
-- Dependencies: 268
-- Data for Name: plotter_plotter; Type: TABLE DATA; Schema: public; Owner: postgres
--

COPY public.plotter_plotter (id, title, annual_clim_label_str, area, boundary_in_use, cb_label_pos, cb_tick_fmt, cb_ticks, cm_edge_values, cmp_name, colormap_strategy, colors, contour_labels, contour_lines, data_variable, extend, fill_color, latitude_name, layer_id_id, longitude_name, monthly_clim_label_str, output_directory, output_filename_infix, output_filename_prefix, output_filename_suffix, overlay_grid, plot_style, product_label_str, proj, resolution, smooth_factor, title_plot, u, units, v, vlat, vlon) FROM stdin;
\.


--
-- TOC entry 3943 (class 0 OID 18679)
-- Dependencies: 245
-- Data for Name: submenu_1_submenu1; Type: TABLE DATA; Schema: public; Owner: postgres
--

COPY public.submenu_1_submenu1 (id, title, content, display_title) FROM stdin;
5	Near Real Time	{}	Near Real Time
4	Hindcast	{}	Hindcast
3	Forecast	{}	Forecast
7	In-situ Observations	{}	In-situ Observations
\.


--
-- TOC entry 3944 (class 0 OID 18684)
-- Dependencies: 246
-- Data for Name: submenu_1_submenu1_children; Type: TABLE DATA; Schema: public; Owner: postgres
--

COPY public.submenu_1_submenu1_children (id, submenu1_id, submenu2_id) FROM stdin;
4	5	4
5	4	2
6	3	3
9	7	4
\.


--
-- TOC entry 3947 (class 0 OID 18689)
-- Dependencies: 249
-- Data for Name: submenu_2_submenu2; Type: TABLE DATA; Schema: public; Owner: postgres
--

COPY public.submenu_2_submenu2 (id, title, content, display_title) FROM stdin;
4	Regional_NearRealTime	{}	Regional
2	Regional_Hindcast	{}	Regional
3	Regional_Forecast	{}	Regional
\.


--
-- TOC entry 3948 (class 0 OID 18694)
-- Dependencies: 250
-- Data for Name: submenu_2_submenu2_children; Type: TABLE DATA; Schema: public; Owner: postgres
--

COPY public.submenu_2_submenu2_children (id, submenu2_id, submenu3_id) FROM stdin;
2	2	3
4	4	5
5	3	4
\.


--
-- TOC entry 3951 (class 0 OID 18699)
-- Dependencies: 253
-- Data for Name: submenu_3_submenu3; Type: TABLE DATA; Schema: public; Owner: postgres
--

COPY public.submenu_3_submenu3 (id, title, display_title) FROM stdin;
4	Ocean_Regional_Forecast	Ocean
3	Ocean_Regional_Hindcast	Ocean
5	Ocean_Regional_NearRealTime	Ocean
\.


--
-- TOC entry 3952 (class 0 OID 18704)
-- Dependencies: 254
-- Data for Name: submenu_3_submenu3_content; Type: TABLE DATA; Schema: public; Owner: postgres
--

COPY public.submenu_3_submenu3_content (id, submenu3_id, webproduct_id) FROM stdin;
6	3	4
8	3	6
10	4	2
11	5	3
12	4	5
\.


--
-- TOC entry 3955 (class 0 OID 18709)
-- Dependencies: 257
-- Data for Name: task_download_taskdownload; Type: TABLE DATA; Schema: public; Owner: postgres
--

COPY public.task_download_taskdownload (id, task_name, class_id, dataset_id_id, status, priority, duration, task_start_time, next_run_time, last_run_time, next_download_file, last_download_file, enabled, health, fail_count, success_count, reset_count, attempt_count, predecessor_class, predecessor_class_id, successor_class, successor_class_id, created_by, launched_by, retain, retention_days) FROM stdin;
10	download_accesss_sst_forecast	download	10	Ready	Medium	Indefinitely	2024-06-05 12:00:00+12	2025-01-16 01:00:00+12	2025-01-15 01:00:32+12	sst.forecast.anom.monthly.nc	sst.forecast.anom.monthly.nc	t	Excellent	1	110	0	0	\N	\N	\N	\N	root	root	f	\N
17	download_ph_monthly_historical	download	17	Ready	Medium	Indefinitely	2024-06-05 12:00:00+12	2025-01-15 12:00:00+12	2025-01-14 14:01:25+12	cmems_mod_glo_bgc-car_anfc_0.25deg_P1M-m202501_202501.nc	cmems_mod_glo_bgc-car_anfc_0.25deg_P1M-m202412_202412.nc	t	Excellent	0	8	0	13	\N	\N	\N	\N	root	root	f	\N
14	download_phytoplankton_daily_forecast	download	14	Ready	Medium	Indefinitely	2024-06-05 12:00:00+12	2025-01-15 13:00:00+12	2025-01-14 14:02:38+12	cmems_mod_glo_bgc-bio_anfc_0.25deg_P1D-m20250115_20250115.nc	cmems_mod_glo_bgc-bio_anfc_0.25deg_P1D-m20250114_20250114.nc	t	Excellent	0	175	0	0	\N	\N	\N	\N	root	root	f	\N
6	download_coral_bleaching_monthly_outlook	download	6	Ready	Medium	Indefinitely	2024-06-05 12:00:00+12	2025-01-15 12:00:00+12	2025-01-14 18:00:27+12	cfsv2_outlook-060perc_4mon-and-wkly_v5_icwk20250112_for_20250126to20250427.nc	cfsv2_outlook-060perc_4mon-and-wkly_v5_icwk20250105_for_20250119to20250427.nc	t	Excellent	0	60	0	2	\N	\N	\N	\N	root	root	f	\N
4	download_chlorophyll_monthly_nrt	download	4	Ready	Medium	Indefinitely	2024-06-05 12:00:00+12	2025-01-15 12:00:00+12	2025-01-15 04:00:26+12	AQUA_MODIS.20250101_20250131.L3m.MO.CHL.chlor_a.4km.NRT.nc.dap.nc	AQUA_MODIS.20241201_20241231.L3m.MO.CHL.chlor_a.4km.NRT.nc.dap.nc	t	Excellent	0	24	0	13	\N	\N	\N	\N	root	root	f	\N
9	download_ersst_monthly_historical	download	9	Ready	Medium	Indefinitely	2024-06-05 12:00:00+12	2025-02-12 12:00:00+12	2024-12-24 17:19:42+12	ersst.v5.202411.nc	ersst.v5.202411.nc	t	Running	2	18	0	0	\N	\N	\N	\N	root	root	f	\N
3	download_chlorophyll_daily_nrt	download	3	Ready	Medium	Indefinitely	2024-06-05 12:00:00+12	2025-01-14 22:00:00+12	2025-01-15 10:00:21+12	AQUA_MODIS.20250114.L3m.DAY.CHL.chlor_a.4km.NRT.nc.dap.nc	AQUA_MODIS.20250113.L3m.DAY.CHL.chlor_a.4km.NRT.nc.dap.nc	t	Excellent	0	209	0	9	\N	\N	\N	\N	root	root	f	\N
5	download_coral_bleaching_daily_nrt	download	5	Ready	Medium	Indefinitely	2024-06-05 12:00:00+12	2025-01-14 20:00:00+12	2025-01-15 10:00:22+12	ct5km_baa5-max-7d_v3.1_20250114.nc	ct5km_baa5-max-7d_v3.1_20250113.nc	t	Excellent	0	215	0	7	\N	\N	\N	\N	root	root	f	\N
16	download_ph_daily_forecast	download	16	Ready	Medium	Indefinitely	2024-06-05 12:00:00+12	2025-01-12 13:00:00+12	2025-01-13 21:20:20+12	cmems_mod_glo_bgc-car_anfc_0.25deg_P1D-m20250112_20250112.nc	cmems_mod_glo_bgc-car_anfc_0.25deg_P1D-m20250111_20250111.nc	t	Excellent	0	196	0	0	\N	\N	\N	\N	root	root	f	\N
18	download_mhw_daily_nrt	download	18	Ready	Medium	Indefinitely	2024-06-05 12:00:00+12	2025-01-05 13:00:00+12	2025-01-14 04:00:14+12	noaa-crw_mhw_v1.0.1_category_20250105.nc	noaa-crw_mhw_v1.0.1_category_20250104.nc	t	Excellent	0	176	0	0	\N	\N	\N	\N	root	root	f	\N
8	download_sst_anomalies_daily_nrt	download	8	Ready	Medium	Indefinitely	2024-06-05 12:00:00+12	2024-12-13 08:00:00+12	2025-01-13 14:00:13+12	oisst-avhrr-v02r01.20241211_preliminary.nc	oisst-avhrr-v02r01.20241210_preliminary.nc	t	Poor	0	115	0	43	\N	\N	\N	\N	root	root	f	\N
13	download_salinity_daily_forecast	download	13	Ready	Medium	Indefinitely	2024-06-05 12:00:00+12	2025-01-14 13:00:00+12	2025-01-13 14:36:16+12	cmems_mod_glo_phy-so_anfc_0.083deg_P1D-m20250114_20250114.nc	cmems_mod_glo_phy-so_anfc_0.083deg_P1D-m20250113_20250113.nc	t	Excellent	0	198	0	0	\N	\N	\N	\N	root	root	f	\N
7	download_sst_anomalies_daily_historical	download	7	Ready	Medium	Indefinitely	2024-06-05 12:00:00+12	2024-11-17 16:00:00+12	2025-01-13 12:02:04+12	oisst-avhrr-v02r01.20241113.nc	oisst-avhrr-v02r01.20241113.nc	t	Poor	0	142	0	53	\N	\N	\N	\N	root	root	f	\N
12	download_ssh_daily_nrt	download	12	Ready	Medium	Indefinitely	2024-06-05 12:00:00+12	2024-11-30 04:00:00+12	2025-01-15 10:00:47+12	cmems_obs-sl_glo_phy-ssh_nrt_allsat-l4-duacs-0.25deg_P1D_20241125_20241125.nc	cmems_obs-sl_glo_phy-ssh_nrt_allsat-l4-duacs-0.25deg_P1D_20241125_20241125.nc	t	Excellent	0	150	0	1	\N	\N	\N	\N	root	root	f	\N
15	download_phytoplankton_monthly_historical	download	15	Ready	Medium	Indefinitely	2024-06-05 12:00:00+12	2025-01-06 12:00:00+12	2025-01-13 12:05:41+12	cmems_mod_glo_bgc-bio_anfc_0.25deg_P1M-m202501_202501.nc	cmems_mod_glo_bgc-bio_anfc_0.25deg_P1M-m202412_202412.nc	t	Excellent	0	9	0	4	\N	\N	\N	\N	root	root	f	\N
11	download_accesss_ssh_forecast	download	11	Ready	Medium	Indefinitely	2024-06-05 12:00:00+12	2025-01-16 01:00:00+12	2025-01-15 01:00:30+12	ssh.forecast.anom.monthly.nc	ssh.forecast.anom.monthly.nc	t	Excellent	0	109	0	0	\N	\N	\N	\N	root	root	f	\N
2	download_waveWatch3_hourly_hindcast	download	2	Ready	Medium	Indefinitely	2024-06-05 12:00:00+12	2024-11-20 12:00:00+12	2025-01-15 10:01:21+12	ww3.glob_24m.202409.nc	ww3.glob_24m.202410.nc	t	Excellent	33	20	0	18	\N	\N	\N	\N	root	root	f	\N
1	download_waveWatch3_hourly_forecast	download	1	Ready	Medium	Indefinitely	2024-06-05 12:00:00+12	2024-12-23 18:00:00+12	2025-01-15 10:01:17+12	ww3_20250114_12.G.nc	ww3_20241222_00.G.nc	t	Excellent	3	592	0	17	\N	\N	\N	\N	root	root	f	\N
\.


--
-- TOC entry 3964 (class 0 OID 18942)
-- Dependencies: 266
-- Data for Name: theme_theme; Type: TABLE DATA; Schema: public; Owner: postgres
--

COPY public.theme_theme (id, name) FROM stdin;
1	Data Catalogue
2	Fisheries
3	Tourism
4	Coral Reefs
5	Ocean Monitoring
6	Sea Level
7	Shipping
\.


--
-- TOC entry 3957 (class 0 OID 18715)
-- Dependencies: 259
-- Data for Name: webapp_product_webproduct; Type: TABLE DATA; Schema: public; Owner: postgres
--

COPY public.webapp_product_webproduct (id, name, bbox_type, copyright, east_bound_longitude, enabled, has_bbox, metadata_five_id, metadata_five_value, metadata_four_id, metadata_four_value, metadata_one_id, metadata_one_value, metadata_six_id, metadata_six_value, metadata_three_id, metadata_three_value, metadata_two_id, metadata_two_value, north_bound_latitude, south_bound_latitude, west_bound_longitude, layer_information_id) FROM stdin;
3	Coral Bleaching Alert	rectangle	Please contact the provider of this data for more information, including information about usage rights and constraints.	260	t	t	License	Open Data License	Dataset Description	Hourly wave forecast.	Contact	divesha@spc.int	Access URL	https://pacificdata.org/data/dataset/91eba2fd-d8fa-43c5-a524-252de18e0757/resource/82634f90-3950-461a-a9d0-7f34214100f4/download/ck_eez_pol_june2022.zip	Dataset Custodian	National Meteorological Office.	Created	2019-10-20	45	-45	120	4
4	Sea Surface Temperature Anamolies	rectangle	Please contact the provider of this data for more information, including information about usage rights and constraints.	260	t	t	License	Open Data License	Dataset Description	Hourly wave forecast.	Contact	divesha@spc.int	Access URL	https://pacificdata.org/data/dataset/91eba2fd-d8fa-43c5-a524-252de18e0757/resource/82634f90-3950-461a-a9d0-7f34214100f4/download/ck_eez_pol_june2022.zip	Dataset Custodian	National Meteorological Office.	Created	2019-10-20	45	-45	120	5
5	Sea Surface Temperature	rectangle	Please contact the provider of this data for more information, including information about usage rights and constraints.	260	t	t	License	Open Data License	Dataset Description	Hourly wave forecast.	Contact	divesha@spc.int	Access URL	https://pacificdata.org/data/dataset/91eba2fd-d8fa-43c5-a524-252de18e0757/resource/82634f90-3950-461a-a9d0-7f34214100f4/download/ck_eez_pol_june2022.zip	Dataset Custodian	National Meteorological Office.	Created	2019-10-20	45	-45	120	6
6	Extended reconstructed sea surface temperature	rectangle	Please contact the provider of this data for more information, including information about usage rights and constraints.	260	t	t	License	Open Data License	Dataset Description	Hourly wave forecast.	Contact	divesha@spc.int	Access URL	https://pacificdata.org/data/dataset/91eba2fd-d8fa-43c5-a524-252de18e0757/resource/82634f90-3950-461a-a9d0-7f34214100f4/download/ck_eez_pol_june2022.zip	Dataset Custodian	National Meteorological Office.	Created	2019-10-20	45	-45	120	7
7	Monthly Chlorophyll	rectangle	Please contact the provider of this data for more information, including information about usage rights and constraints.	260	t	t	License	Open Data License	Dataset Description	Hourly wave forecast.	Contact	molenit@spc.int	Access URL	https://pacificdata.org/data/dataset/91eba2fd-d8fa-43c5-a524-252de18e0757/resource/82634f90-3950-461a-a9d0-7f34214100f4/download/ck_eez_pol_june2022.zip	Dataset Custodian	NDMO	Created	2019-10-20	45	-45	120	8
8	Sea Surface Temperature Anomalies - Daily	rectangle	Please contact the provider of this data for more information, including information about usage rights and constraints.	260	t	t	License	Open Data License	Dataset Description	Hourly wave forecast.	Contact	divesha@spc.int	Access URL	https://pacificdata.org/data/dataset/91eba2fd-d8fa-43c5-a524-252de18e0757/resource/82634f90-3950-461a-a9d0-7f34214100f4/download/ck_eez_pol_june2022.zip	Dataset Custodian	National Meteorological Office.	Created	2019-10-20	45	-45	120	9
9	Peak Wave Period	rectangle	Please contact the provider of this data for more information, including information about usage rights and constraints.	260	t	t	License	Open Data License	Dataset Description	Hourly wave forecast.	Contact	molenit@spc.int	Access URL	https://pacificdata.org/data/dataset/91eba2fd-d8fa-43c5-a524-252de18e0757/resource/82634f90-3950-461a-a9d0-7f34214100f4/download/ck_eez_pol_june2022.zip	Dataset Custodian	NDMO	Created	2019-10-20	45	-45	120	10
10	Significant Height of Wind Sea	rectangle	Please contact the provider of this data for more information, including information about usage rights and constraints.	260	t	t	License	Open Data License	Dataset Description	Hourly wave forecast.	Contact	molenit@spc.int	Access URL	https://pacificdata.org/data/dataset/91eba2fd-d8fa-43c5-a524-252de18e0757/resource/82634f90-3950-461a-a9d0-7f34214100f4/download/ck_eez_pol_june2022.zip	Dataset Custodian	NDMO	Created	2019-10-20	45	-45	120	11
11	Significant height of primary swell	rectangle	Please contact the provider of this data for more information, including information about usage rights and constraints.	260	t	t	License	Open Data License	Dataset Description	Hourly wave forecast.	Contact	molenit@spc.int	Access URL	https://pacificdata.org/data/dataset/91eba2fd-d8fa-43c5-a524-252de18e0757/resource/82634f90-3950-461a-a9d0-7f34214100f4/download/ck_eez_pol_june2022.zip	Dataset Custodian	NDMO	Created	2019-10-20	45	-45	120	12
12	Wind Speed	rectangle	Please contact the provider of this data for more information, including information about usage rights and constraints.	260	t	t	License	Open Data License	Dataset Description	Hourly wave forecast.	Contact	molenit@spc.int	Access URL	https://pacificdata.org/data/dataset/91eba2fd-d8fa-43c5-a524-252de18e0757/resource/82634f90-3950-461a-a9d0-7f34214100f4/download/ck_eez_pol_june2022.zip	Dataset Custodian	NDMO	Created	2019-10-20	45	-45	120	13
13	Mean Wave Direction	rectangle	Please contact the provider of this data for more information, including information about usage rights and constraints.	260	t	t	License	Open Data License	Dataset Description	Hourly wave forecast.	Contact	molenit@spc.int	Access URL	https://pacificdata.org/data/dataset/91eba2fd-d8fa-43c5-a524-252de18e0757/resource/82634f90-3950-461a-a9d0-7f34214100f4/download/ck_eez_pol_june2022.zip	Dataset Custodian	NDMO	Created	2019-10-20	45	-45	120	14
2	Significant Wave Height + Mean Wave Direction	rectangle	Please contact the provider of this data for more information, including information about usage rights and constraints.	260	t	t	License	Open Data License	Dataset Description	Hourly wave forecast.	Contact	molenit@spc.int	Access URL	https://pacificdata.org/data/dataset/91eba2fd-d8fa-43c5-a524-252de18e0757/resource/82634f90-3950-461a-a9d0-7f34214100f4/download/ck_eez_pol_june2022.zip	Dataset Custodian	NDMO	Created	2019-10-20	45	-45	120	2
\.


--
-- TOC entry 3972 (class 0 OID 0)
-- Dependencies: 215
-- Name: auth_group_id_seq; Type: SEQUENCE SET; Schema: public; Owner: postgres
--

SELECT pg_catalog.setval('public.auth_group_id_seq', 1, false);


--
-- TOC entry 3973 (class 0 OID 0)
-- Dependencies: 217
-- Name: auth_group_permissions_id_seq; Type: SEQUENCE SET; Schema: public; Owner: postgres
--

SELECT pg_catalog.setval('public.auth_group_permissions_id_seq', 1, false);


--
-- TOC entry 3974 (class 0 OID 0)
-- Dependencies: 219
-- Name: auth_permission_id_seq; Type: SEQUENCE SET; Schema: public; Owner: postgres
--

SELECT pg_catalog.setval('public.auth_permission_id_seq', 92, true);


--
-- TOC entry 3975 (class 0 OID 0)
-- Dependencies: 222
-- Name: auth_user_groups_id_seq; Type: SEQUENCE SET; Schema: public; Owner: postgres
--

SELECT pg_catalog.setval('public.auth_user_groups_id_seq', 1, false);


--
-- TOC entry 3976 (class 0 OID 0)
-- Dependencies: 223
-- Name: auth_user_id_seq; Type: SEQUENCE SET; Schema: public; Owner: postgres
--

SELECT pg_catalog.setval('public.auth_user_id_seq', 2, true);


--
-- TOC entry 3977 (class 0 OID 0)
-- Dependencies: 225
-- Name: auth_user_user_permissions_id_seq; Type: SEQUENCE SET; Schema: public; Owner: postgres
--

SELECT pg_catalog.setval('public.auth_user_user_permissions_id_seq', 15, true);


--
-- TOC entry 3978 (class 0 OID 0)
-- Dependencies: 227
-- Name: country_country_id_seq; Type: SEQUENCE SET; Schema: public; Owner: postgres
--

SELECT pg_catalog.setval('public.country_country_id_seq', 4, true);


--
-- TOC entry 3979 (class 0 OID 0)
-- Dependencies: 229
-- Name: data_type_datatype_id_seq; Type: SEQUENCE SET; Schema: public; Owner: postgres
--

SELECT pg_catalog.setval('public.data_type_datatype_id_seq', 5, true);


--
-- TOC entry 3980 (class 0 OID 0)
-- Dependencies: 231
-- Name: datasets_dataset_id_seq; Type: SEQUENCE SET; Schema: public; Owner: postgres
--

SELECT pg_catalog.setval('public.datasets_dataset_id_seq', 18, true);


--
-- TOC entry 3981 (class 0 OID 0)
-- Dependencies: 233
-- Name: django_admin_log_id_seq; Type: SEQUENCE SET; Schema: public; Owner: postgres
--

SELECT pg_catalog.setval('public.django_admin_log_id_seq', 457, true);


--
-- TOC entry 3982 (class 0 OID 0)
-- Dependencies: 235
-- Name: django_content_type_id_seq; Type: SEQUENCE SET; Schema: public; Owner: postgres
--

SELECT pg_catalog.setval('public.django_content_type_id_seq', 23, true);


--
-- TOC entry 3983 (class 0 OID 0)
-- Dependencies: 237
-- Name: django_migrations_id_seq; Type: SEQUENCE SET; Schema: public; Owner: postgres
--

SELECT pg_catalog.setval('public.django_migrations_id_seq', 82, true);


--
-- TOC entry 3984 (class 0 OID 0)
-- Dependencies: 240
-- Name: download_method_downloadmethod_id_seq; Type: SEQUENCE SET; Schema: public; Owner: postgres
--

SELECT pg_catalog.setval('public.download_method_downloadmethod_id_seq', 3, true);


--
-- TOC entry 3985 (class 0 OID 0)
-- Dependencies: 242
-- Name: layer_web_map_layerwebmap_id_seq; Type: SEQUENCE SET; Schema: public; Owner: postgres
--

SELECT pg_catalog.setval('public.layer_web_map_layerwebmap_id_seq', 14, true);


--
-- TOC entry 3986 (class 0 OID 0)
-- Dependencies: 263
-- Name: main_menu_submenu1_content_id_seq; Type: SEQUENCE SET; Schema: public; Owner: postgres
--

SELECT pg_catalog.setval('public.main_menu_submenu1_content_id_seq', 21, true);


--
-- TOC entry 3987 (class 0 OID 0)
-- Dependencies: 261
-- Name: main_menu_submenu1_id_seq; Type: SEQUENCE SET; Schema: public; Owner: postgres
--

SELECT pg_catalog.setval('public.main_menu_submenu1_id_seq', 6, true);


--
-- TOC entry 3988 (class 0 OID 0)
-- Dependencies: 244
-- Name: menu_sub_sub_category_menusubsubcategory_id_seq; Type: SEQUENCE SET; Schema: public; Owner: postgres
--

SELECT pg_catalog.setval('public.menu_sub_sub_category_menusubsubcategory_id_seq', 1, false);


--
-- TOC entry 3989 (class 0 OID 0)
-- Dependencies: 267
-- Name: plotter_plotter_id_seq; Type: SEQUENCE SET; Schema: public; Owner: postgres
--

SELECT pg_catalog.setval('public.plotter_plotter_id_seq', 1, false);


--
-- TOC entry 3990 (class 0 OID 0)
-- Dependencies: 247
-- Name: submenu_1_submenu1_children_id_seq; Type: SEQUENCE SET; Schema: public; Owner: postgres
--

SELECT pg_catalog.setval('public.submenu_1_submenu1_children_id_seq', 9, true);


--
-- TOC entry 3991 (class 0 OID 0)
-- Dependencies: 248
-- Name: submenu_1_submenu1_id_seq; Type: SEQUENCE SET; Schema: public; Owner: postgres
--

SELECT pg_catalog.setval('public.submenu_1_submenu1_id_seq', 7, true);


--
-- TOC entry 3992 (class 0 OID 0)
-- Dependencies: 251
-- Name: submenu_2_submenu2_children_id_seq; Type: SEQUENCE SET; Schema: public; Owner: postgres
--

SELECT pg_catalog.setval('public.submenu_2_submenu2_children_id_seq', 5, true);


--
-- TOC entry 3993 (class 0 OID 0)
-- Dependencies: 252
-- Name: submenu_2_submenu2_id_seq; Type: SEQUENCE SET; Schema: public; Owner: postgres
--

SELECT pg_catalog.setval('public.submenu_2_submenu2_id_seq', 4, true);


--
-- TOC entry 3994 (class 0 OID 0)
-- Dependencies: 255
-- Name: submenu_3_submenu3_content_id_seq; Type: SEQUENCE SET; Schema: public; Owner: postgres
--

SELECT pg_catalog.setval('public.submenu_3_submenu3_content_id_seq', 12, true);


--
-- TOC entry 3995 (class 0 OID 0)
-- Dependencies: 256
-- Name: submenu_3_submenu3_id_seq; Type: SEQUENCE SET; Schema: public; Owner: postgres
--

SELECT pg_catalog.setval('public.submenu_3_submenu3_id_seq', 5, true);


--
-- TOC entry 3996 (class 0 OID 0)
-- Dependencies: 258
-- Name: task_download_taskdownload_id_seq; Type: SEQUENCE SET; Schema: public; Owner: postgres
--

SELECT pg_catalog.setval('public.task_download_taskdownload_id_seq', 18, true);


--
-- TOC entry 3997 (class 0 OID 0)
-- Dependencies: 265
-- Name: theme_theme_id_seq; Type: SEQUENCE SET; Schema: public; Owner: postgres
--

SELECT pg_catalog.setval('public.theme_theme_id_seq', 7, true);


--
-- TOC entry 3998 (class 0 OID 0)
-- Dependencies: 260
-- Name: webapp_product_webproduct_id_seq; Type: SEQUENCE SET; Schema: public; Owner: postgres
--

SELECT pg_catalog.setval('public.webapp_product_webproduct_id_seq', 13, true);


--
-- TOC entry 3644 (class 2606 OID 18722)
-- Name: auth_group auth_group_name_key; Type: CONSTRAINT; Schema: public; Owner: postgres
--

ALTER TABLE ONLY public.auth_group
    ADD CONSTRAINT auth_group_name_key UNIQUE (name);


--
-- TOC entry 3649 (class 2606 OID 18724)
-- Name: auth_group_permissions auth_group_permissions_group_id_permission_id_0cd325b0_uniq; Type: CONSTRAINT; Schema: public; Owner: postgres
--

ALTER TABLE ONLY public.auth_group_permissions
    ADD CONSTRAINT auth_group_permissions_group_id_permission_id_0cd325b0_uniq UNIQUE (group_id, permission_id);


--
-- TOC entry 3652 (class 2606 OID 18726)
-- Name: auth_group_permissions auth_group_permissions_pkey; Type: CONSTRAINT; Schema: public; Owner: postgres
--

ALTER TABLE ONLY public.auth_group_permissions
    ADD CONSTRAINT auth_group_permissions_pkey PRIMARY KEY (id);


--
-- TOC entry 3646 (class 2606 OID 18728)
-- Name: auth_group auth_group_pkey; Type: CONSTRAINT; Schema: public; Owner: postgres
--

ALTER TABLE ONLY public.auth_group
    ADD CONSTRAINT auth_group_pkey PRIMARY KEY (id);


--
-- TOC entry 3655 (class 2606 OID 18730)
-- Name: auth_permission auth_permission_content_type_id_codename_01ab375a_uniq; Type: CONSTRAINT; Schema: public; Owner: postgres
--

ALTER TABLE ONLY public.auth_permission
    ADD CONSTRAINT auth_permission_content_type_id_codename_01ab375a_uniq UNIQUE (content_type_id, codename);


--
-- TOC entry 3657 (class 2606 OID 18732)
-- Name: auth_permission auth_permission_pkey; Type: CONSTRAINT; Schema: public; Owner: postgres
--

ALTER TABLE ONLY public.auth_permission
    ADD CONSTRAINT auth_permission_pkey PRIMARY KEY (id);


--
-- TOC entry 3665 (class 2606 OID 18734)
-- Name: auth_user_groups auth_user_groups_pkey; Type: CONSTRAINT; Schema: public; Owner: postgres
--

ALTER TABLE ONLY public.auth_user_groups
    ADD CONSTRAINT auth_user_groups_pkey PRIMARY KEY (id);


--
-- TOC entry 3668 (class 2606 OID 18736)
-- Name: auth_user_groups auth_user_groups_user_id_group_id_94350c0c_uniq; Type: CONSTRAINT; Schema: public; Owner: postgres
--

ALTER TABLE ONLY public.auth_user_groups
    ADD CONSTRAINT auth_user_groups_user_id_group_id_94350c0c_uniq UNIQUE (user_id, group_id);


--
-- TOC entry 3659 (class 2606 OID 18738)
-- Name: auth_user auth_user_pkey; Type: CONSTRAINT; Schema: public; Owner: postgres
--

ALTER TABLE ONLY public.auth_user
    ADD CONSTRAINT auth_user_pkey PRIMARY KEY (id);


--
-- TOC entry 3671 (class 2606 OID 18740)
-- Name: auth_user_user_permissions auth_user_user_permissions_pkey; Type: CONSTRAINT; Schema: public; Owner: postgres
--

ALTER TABLE ONLY public.auth_user_user_permissions
    ADD CONSTRAINT auth_user_user_permissions_pkey PRIMARY KEY (id);


--
-- TOC entry 3674 (class 2606 OID 18742)
-- Name: auth_user_user_permissions auth_user_user_permissions_user_id_permission_id_14a6b632_uniq; Type: CONSTRAINT; Schema: public; Owner: postgres
--

ALTER TABLE ONLY public.auth_user_user_permissions
    ADD CONSTRAINT auth_user_user_permissions_user_id_permission_id_14a6b632_uniq UNIQUE (user_id, permission_id);


--
-- TOC entry 3662 (class 2606 OID 18744)
-- Name: auth_user auth_user_username_key; Type: CONSTRAINT; Schema: public; Owner: postgres
--

ALTER TABLE ONLY public.auth_user
    ADD CONSTRAINT auth_user_username_key UNIQUE (username);


--
-- TOC entry 3676 (class 2606 OID 18746)
-- Name: country_country country_country_pkey; Type: CONSTRAINT; Schema: public; Owner: postgres
--

ALTER TABLE ONLY public.country_country
    ADD CONSTRAINT country_country_pkey PRIMARY KEY (id);


--
-- TOC entry 3678 (class 2606 OID 18748)
-- Name: data_type_datatype data_type_datatype_pkey; Type: CONSTRAINT; Schema: public; Owner: postgres
--

ALTER TABLE ONLY public.data_type_datatype
    ADD CONSTRAINT data_type_datatype_pkey PRIMARY KEY (id);


--
-- TOC entry 3682 (class 2606 OID 18750)
-- Name: datasets_dataset datasets_dataset_pkey; Type: CONSTRAINT; Schema: public; Owner: postgres
--

ALTER TABLE ONLY public.datasets_dataset
    ADD CONSTRAINT datasets_dataset_pkey PRIMARY KEY (id);


--
-- TOC entry 3685 (class 2606 OID 18752)
-- Name: django_admin_log django_admin_log_pkey; Type: CONSTRAINT; Schema: public; Owner: postgres
--

ALTER TABLE ONLY public.django_admin_log
    ADD CONSTRAINT django_admin_log_pkey PRIMARY KEY (id);


--
-- TOC entry 3688 (class 2606 OID 18754)
-- Name: django_content_type django_content_type_app_label_model_76bd3d3b_uniq; Type: CONSTRAINT; Schema: public; Owner: postgres
--

ALTER TABLE ONLY public.django_content_type
    ADD CONSTRAINT django_content_type_app_label_model_76bd3d3b_uniq UNIQUE (app_label, model);


--
-- TOC entry 3690 (class 2606 OID 18756)
-- Name: django_content_type django_content_type_pkey; Type: CONSTRAINT; Schema: public; Owner: postgres
--

ALTER TABLE ONLY public.django_content_type
    ADD CONSTRAINT django_content_type_pkey PRIMARY KEY (id);


--
-- TOC entry 3692 (class 2606 OID 18758)
-- Name: django_migrations django_migrations_pkey; Type: CONSTRAINT; Schema: public; Owner: postgres
--

ALTER TABLE ONLY public.django_migrations
    ADD CONSTRAINT django_migrations_pkey PRIMARY KEY (id);


--
-- TOC entry 3695 (class 2606 OID 18760)
-- Name: django_session django_session_pkey; Type: CONSTRAINT; Schema: public; Owner: postgres
--

ALTER TABLE ONLY public.django_session
    ADD CONSTRAINT django_session_pkey PRIMARY KEY (session_key);


--
-- TOC entry 3698 (class 2606 OID 18762)
-- Name: download_method_downloadmethod download_method_downloadmethod_pkey; Type: CONSTRAINT; Schema: public; Owner: postgres
--

ALTER TABLE ONLY public.download_method_downloadmethod
    ADD CONSTRAINT download_method_downloadmethod_pkey PRIMARY KEY (id);


--
-- TOC entry 3700 (class 2606 OID 18764)
-- Name: layer_web_map_layerwebmap layer_web_map_layerwebmap_pkey; Type: CONSTRAINT; Schema: public; Owner: postgres
--

ALTER TABLE ONLY public.layer_web_map_layerwebmap
    ADD CONSTRAINT layer_web_map_layerwebmap_pkey PRIMARY KEY (id);


--
-- TOC entry 3737 (class 2606 OID 18923)
-- Name: main_menu_mainmenu_content main_menu_submenu1_conte_submenu1_id_webproduct_i_76dcf649_uniq; Type: CONSTRAINT; Schema: public; Owner: postgres
--

ALTER TABLE ONLY public.main_menu_mainmenu_content
    ADD CONSTRAINT main_menu_submenu1_conte_submenu1_id_webproduct_i_76dcf649_uniq UNIQUE (mainmenu_id, webproduct_id);


--
-- TOC entry 3739 (class 2606 OID 18921)
-- Name: main_menu_mainmenu_content main_menu_submenu1_content_pkey; Type: CONSTRAINT; Schema: public; Owner: postgres
--

ALTER TABLE ONLY public.main_menu_mainmenu_content
    ADD CONSTRAINT main_menu_submenu1_content_pkey PRIMARY KEY (id);


--
-- TOC entry 3735 (class 2606 OID 18915)
-- Name: main_menu_mainmenu main_menu_submenu1_pkey; Type: CONSTRAINT; Schema: public; Owner: postgres
--

ALTER TABLE ONLY public.main_menu_mainmenu
    ADD CONSTRAINT main_menu_submenu1_pkey PRIMARY KEY (id);


--
-- TOC entry 3702 (class 2606 OID 18766)
-- Name: menu_sub_sub_category_menusubsubcategory menu_sub_sub_category_menusubsubcategory_pkey; Type: CONSTRAINT; Schema: public; Owner: postgres
--

ALTER TABLE ONLY public.menu_sub_sub_category_menusubsubcategory
    ADD CONSTRAINT menu_sub_sub_category_menusubsubcategory_pkey PRIMARY KEY (id);


--
-- TOC entry 3746 (class 2606 OID 18972)
-- Name: plotter_plotter plotter_plotter_pkey; Type: CONSTRAINT; Schema: public; Owner: postgres
--

ALTER TABLE ONLY public.plotter_plotter
    ADD CONSTRAINT plotter_plotter_pkey PRIMARY KEY (id);


--
-- TOC entry 3706 (class 2606 OID 18768)
-- Name: submenu_1_submenu1_children submenu_1_submenu1_child_submenu1_id_submenu2_id_7ea7683c_uniq; Type: CONSTRAINT; Schema: public; Owner: postgres
--

ALTER TABLE ONLY public.submenu_1_submenu1_children
    ADD CONSTRAINT submenu_1_submenu1_child_submenu1_id_submenu2_id_7ea7683c_uniq UNIQUE (submenu1_id, submenu2_id);


--
-- TOC entry 3708 (class 2606 OID 18770)
-- Name: submenu_1_submenu1_children submenu_1_submenu1_children_pkey; Type: CONSTRAINT; Schema: public; Owner: postgres
--

ALTER TABLE ONLY public.submenu_1_submenu1_children
    ADD CONSTRAINT submenu_1_submenu1_children_pkey PRIMARY KEY (id);


--
-- TOC entry 3704 (class 2606 OID 18772)
-- Name: submenu_1_submenu1 submenu_1_submenu1_pkey; Type: CONSTRAINT; Schema: public; Owner: postgres
--

ALTER TABLE ONLY public.submenu_1_submenu1
    ADD CONSTRAINT submenu_1_submenu1_pkey PRIMARY KEY (id);


--
-- TOC entry 3714 (class 2606 OID 18774)
-- Name: submenu_2_submenu2_children submenu_2_submenu2_child_submenu2_id_submenu3_id_f4945628_uniq; Type: CONSTRAINT; Schema: public; Owner: postgres
--

ALTER TABLE ONLY public.submenu_2_submenu2_children
    ADD CONSTRAINT submenu_2_submenu2_child_submenu2_id_submenu3_id_f4945628_uniq UNIQUE (submenu2_id, submenu3_id);


--
-- TOC entry 3716 (class 2606 OID 18776)
-- Name: submenu_2_submenu2_children submenu_2_submenu2_children_pkey; Type: CONSTRAINT; Schema: public; Owner: postgres
--

ALTER TABLE ONLY public.submenu_2_submenu2_children
    ADD CONSTRAINT submenu_2_submenu2_children_pkey PRIMARY KEY (id);


--
-- TOC entry 3712 (class 2606 OID 18778)
-- Name: submenu_2_submenu2 submenu_2_submenu2_pkey; Type: CONSTRAINT; Schema: public; Owner: postgres
--

ALTER TABLE ONLY public.submenu_2_submenu2
    ADD CONSTRAINT submenu_2_submenu2_pkey PRIMARY KEY (id);


--
-- TOC entry 3722 (class 2606 OID 18780)
-- Name: submenu_3_submenu3_content submenu_3_submenu3_conte_submenu3_id_webproduct_i_3aa65a4e_uniq; Type: CONSTRAINT; Schema: public; Owner: postgres
--

ALTER TABLE ONLY public.submenu_3_submenu3_content
    ADD CONSTRAINT submenu_3_submenu3_conte_submenu3_id_webproduct_i_3aa65a4e_uniq UNIQUE (submenu3_id, webproduct_id);


--
-- TOC entry 3724 (class 2606 OID 18782)
-- Name: submenu_3_submenu3_content submenu_3_submenu3_content_pkey; Type: CONSTRAINT; Schema: public; Owner: postgres
--

ALTER TABLE ONLY public.submenu_3_submenu3_content
    ADD CONSTRAINT submenu_3_submenu3_content_pkey PRIMARY KEY (id);


--
-- TOC entry 3720 (class 2606 OID 18784)
-- Name: submenu_3_submenu3 submenu_3_submenu3_pkey; Type: CONSTRAINT; Schema: public; Owner: postgres
--

ALTER TABLE ONLY public.submenu_3_submenu3
    ADD CONSTRAINT submenu_3_submenu3_pkey PRIMARY KEY (id);


--
-- TOC entry 3729 (class 2606 OID 18786)
-- Name: task_download_taskdownload task_download_taskdownload_pkey; Type: CONSTRAINT; Schema: public; Owner: postgres
--

ALTER TABLE ONLY public.task_download_taskdownload
    ADD CONSTRAINT task_download_taskdownload_pkey PRIMARY KEY (id);


--
-- TOC entry 3743 (class 2606 OID 18946)
-- Name: theme_theme theme_theme_pkey; Type: CONSTRAINT; Schema: public; Owner: postgres
--

ALTER TABLE ONLY public.theme_theme
    ADD CONSTRAINT theme_theme_pkey PRIMARY KEY (id);


--
-- TOC entry 3732 (class 2606 OID 18788)
-- Name: webapp_product_webproduct webapp_product_webproduct_pkey; Type: CONSTRAINT; Schema: public; Owner: postgres
--

ALTER TABLE ONLY public.webapp_product_webproduct
    ADD CONSTRAINT webapp_product_webproduct_pkey PRIMARY KEY (id);


--
-- TOC entry 3642 (class 1259 OID 18789)
-- Name: auth_group_name_a6ea08ec_like; Type: INDEX; Schema: public; Owner: postgres
--

CREATE INDEX auth_group_name_a6ea08ec_like ON public.auth_group USING btree (name varchar_pattern_ops);


--
-- TOC entry 3647 (class 1259 OID 18790)
-- Name: auth_group_permissions_group_id_b120cbf9; Type: INDEX; Schema: public; Owner: postgres
--

CREATE INDEX auth_group_permissions_group_id_b120cbf9 ON public.auth_group_permissions USING btree (group_id);


--
-- TOC entry 3650 (class 1259 OID 18791)
-- Name: auth_group_permissions_permission_id_84c5c92e; Type: INDEX; Schema: public; Owner: postgres
--

CREATE INDEX auth_group_permissions_permission_id_84c5c92e ON public.auth_group_permissions USING btree (permission_id);


--
-- TOC entry 3653 (class 1259 OID 18792)
-- Name: auth_permission_content_type_id_2f476e4b; Type: INDEX; Schema: public; Owner: postgres
--

CREATE INDEX auth_permission_content_type_id_2f476e4b ON public.auth_permission USING btree (content_type_id);


--
-- TOC entry 3663 (class 1259 OID 18793)
-- Name: auth_user_groups_group_id_97559544; Type: INDEX; Schema: public; Owner: postgres
--

CREATE INDEX auth_user_groups_group_id_97559544 ON public.auth_user_groups USING btree (group_id);


--
-- TOC entry 3666 (class 1259 OID 18794)
-- Name: auth_user_groups_user_id_6a12ed8b; Type: INDEX; Schema: public; Owner: postgres
--

CREATE INDEX auth_user_groups_user_id_6a12ed8b ON public.auth_user_groups USING btree (user_id);


--
-- TOC entry 3669 (class 1259 OID 18795)
-- Name: auth_user_user_permissions_permission_id_1fbb5f2c; Type: INDEX; Schema: public; Owner: postgres
--

CREATE INDEX auth_user_user_permissions_permission_id_1fbb5f2c ON public.auth_user_user_permissions USING btree (permission_id);


--
-- TOC entry 3672 (class 1259 OID 18796)
-- Name: auth_user_user_permissions_user_id_a95ead1b; Type: INDEX; Schema: public; Owner: postgres
--

CREATE INDEX auth_user_user_permissions_user_id_a95ead1b ON public.auth_user_user_permissions USING btree (user_id);


--
-- TOC entry 3660 (class 1259 OID 18797)
-- Name: auth_user_username_6821ab7c_like; Type: INDEX; Schema: public; Owner: postgres
--

CREATE INDEX auth_user_username_6821ab7c_like ON public.auth_user USING btree (username varchar_pattern_ops);


--
-- TOC entry 3679 (class 1259 OID 18798)
-- Name: datasets_dataset_data_type_id_282dbe08; Type: INDEX; Schema: public; Owner: postgres
--

CREATE INDEX datasets_dataset_data_type_id_282dbe08 ON public.datasets_dataset USING btree (data_type_id);


--
-- TOC entry 3680 (class 1259 OID 18799)
-- Name: datasets_dataset_download_method_id_693a61e4; Type: INDEX; Schema: public; Owner: postgres
--

CREATE INDEX datasets_dataset_download_method_id_693a61e4 ON public.datasets_dataset USING btree (download_method_id);


--
-- TOC entry 3683 (class 1259 OID 18800)
-- Name: django_admin_log_content_type_id_c4bce8eb; Type: INDEX; Schema: public; Owner: postgres
--

CREATE INDEX django_admin_log_content_type_id_c4bce8eb ON public.django_admin_log USING btree (content_type_id);


--
-- TOC entry 3686 (class 1259 OID 18801)
-- Name: django_admin_log_user_id_c564eba6; Type: INDEX; Schema: public; Owner: postgres
--

CREATE INDEX django_admin_log_user_id_c564eba6 ON public.django_admin_log USING btree (user_id);


--
-- TOC entry 3693 (class 1259 OID 18802)
-- Name: django_session_expire_date_a5c62663; Type: INDEX; Schema: public; Owner: postgres
--

CREATE INDEX django_session_expire_date_a5c62663 ON public.django_session USING btree (expire_date);


--
-- TOC entry 3696 (class 1259 OID 18803)
-- Name: django_session_session_key_c0390e0f_like; Type: INDEX; Schema: public; Owner: postgres
--

CREATE INDEX django_session_session_key_c0390e0f_like ON public.django_session USING btree (session_key varchar_pattern_ops);


--
-- TOC entry 3733 (class 1259 OID 18953)
-- Name: main_menu_mainmenu_theme_id_8aba8ba7; Type: INDEX; Schema: public; Owner: postgres
--

CREATE INDEX main_menu_mainmenu_theme_id_8aba8ba7 ON public.main_menu_mainmenu USING btree (theme_id);


--
-- TOC entry 3740 (class 1259 OID 18934)
-- Name: main_menu_submenu1_content_submenu1_id_af664002; Type: INDEX; Schema: public; Owner: postgres
--

CREATE INDEX main_menu_submenu1_content_submenu1_id_af664002 ON public.main_menu_mainmenu_content USING btree (mainmenu_id);


--
-- TOC entry 3741 (class 1259 OID 18935)
-- Name: main_menu_submenu1_content_webproduct_id_0a8e9726; Type: INDEX; Schema: public; Owner: postgres
--

CREATE INDEX main_menu_submenu1_content_webproduct_id_0a8e9726 ON public.main_menu_mainmenu_content USING btree (webproduct_id);


--
-- TOC entry 3744 (class 1259 OID 18980)
-- Name: plotter_plotter_layer_id_id_0559929d; Type: INDEX; Schema: public; Owner: postgres
--

CREATE INDEX plotter_plotter_layer_id_id_0559929d ON public.plotter_plotter USING btree (layer_id_id);


--
-- TOC entry 3709 (class 1259 OID 18804)
-- Name: submenu_1_submenu1_children_submenu1_id_04ec4243; Type: INDEX; Schema: public; Owner: postgres
--

CREATE INDEX submenu_1_submenu1_children_submenu1_id_04ec4243 ON public.submenu_1_submenu1_children USING btree (submenu1_id);


--
-- TOC entry 3710 (class 1259 OID 18805)
-- Name: submenu_1_submenu1_children_submenu2_id_e6bac35e; Type: INDEX; Schema: public; Owner: postgres
--

CREATE INDEX submenu_1_submenu1_children_submenu2_id_e6bac35e ON public.submenu_1_submenu1_children USING btree (submenu2_id);


--
-- TOC entry 3717 (class 1259 OID 18806)
-- Name: submenu_2_submenu2_children_submenu2_id_9455ecc5; Type: INDEX; Schema: public; Owner: postgres
--

CREATE INDEX submenu_2_submenu2_children_submenu2_id_9455ecc5 ON public.submenu_2_submenu2_children USING btree (submenu2_id);


--
-- TOC entry 3718 (class 1259 OID 18807)
-- Name: submenu_2_submenu2_children_submenu3_id_7ed52edc; Type: INDEX; Schema: public; Owner: postgres
--

CREATE INDEX submenu_2_submenu2_children_submenu3_id_7ed52edc ON public.submenu_2_submenu2_children USING btree (submenu3_id);


--
-- TOC entry 3725 (class 1259 OID 18808)
-- Name: submenu_3_submenu3_content_submenu3_id_8fdfc183; Type: INDEX; Schema: public; Owner: postgres
--

CREATE INDEX submenu_3_submenu3_content_submenu3_id_8fdfc183 ON public.submenu_3_submenu3_content USING btree (submenu3_id);


--
-- TOC entry 3726 (class 1259 OID 18809)
-- Name: submenu_3_submenu3_content_webproduct_id_981f4287; Type: INDEX; Schema: public; Owner: postgres
--

CREATE INDEX submenu_3_submenu3_content_webproduct_id_981f4287 ON public.submenu_3_submenu3_content USING btree (webproduct_id);


--
-- TOC entry 3727 (class 1259 OID 18810)
-- Name: task_download_taskdownload_dataset_id_id_e378272c; Type: INDEX; Schema: public; Owner: postgres
--

CREATE INDEX task_download_taskdownload_dataset_id_id_e378272c ON public.task_download_taskdownload USING btree (dataset_id_id);


--
-- TOC entry 3730 (class 1259 OID 18811)
-- Name: webapp_product_webproduct_layer_information_id_3e4aefb2; Type: INDEX; Schema: public; Owner: postgres
--

CREATE INDEX webapp_product_webproduct_layer_information_id_3e4aefb2 ON public.webapp_product_webproduct USING btree (layer_information_id);


--
-- TOC entry 3747 (class 2606 OID 18812)
-- Name: auth_group_permissions auth_group_permissio_permission_id_84c5c92e_fk_auth_perm; Type: FK CONSTRAINT; Schema: public; Owner: postgres
--

ALTER TABLE ONLY public.auth_group_permissions
    ADD CONSTRAINT auth_group_permissio_permission_id_84c5c92e_fk_auth_perm FOREIGN KEY (permission_id) REFERENCES public.auth_permission(id) DEFERRABLE INITIALLY DEFERRED;


--
-- TOC entry 3748 (class 2606 OID 18817)
-- Name: auth_group_permissions auth_group_permissions_group_id_b120cbf9_fk_auth_group_id; Type: FK CONSTRAINT; Schema: public; Owner: postgres
--

ALTER TABLE ONLY public.auth_group_permissions
    ADD CONSTRAINT auth_group_permissions_group_id_b120cbf9_fk_auth_group_id FOREIGN KEY (group_id) REFERENCES public.auth_group(id) DEFERRABLE INITIALLY DEFERRED;


--
-- TOC entry 3749 (class 2606 OID 18822)
-- Name: auth_permission auth_permission_content_type_id_2f476e4b_fk_django_co; Type: FK CONSTRAINT; Schema: public; Owner: postgres
--

ALTER TABLE ONLY public.auth_permission
    ADD CONSTRAINT auth_permission_content_type_id_2f476e4b_fk_django_co FOREIGN KEY (content_type_id) REFERENCES public.django_content_type(id) DEFERRABLE INITIALLY DEFERRED;


--
-- TOC entry 3750 (class 2606 OID 18827)
-- Name: auth_user_groups auth_user_groups_group_id_97559544_fk_auth_group_id; Type: FK CONSTRAINT; Schema: public; Owner: postgres
--

ALTER TABLE ONLY public.auth_user_groups
    ADD CONSTRAINT auth_user_groups_group_id_97559544_fk_auth_group_id FOREIGN KEY (group_id) REFERENCES public.auth_group(id) DEFERRABLE INITIALLY DEFERRED;


--
-- TOC entry 3751 (class 2606 OID 18832)
-- Name: auth_user_groups auth_user_groups_user_id_6a12ed8b_fk_auth_user_id; Type: FK CONSTRAINT; Schema: public; Owner: postgres
--

ALTER TABLE ONLY public.auth_user_groups
    ADD CONSTRAINT auth_user_groups_user_id_6a12ed8b_fk_auth_user_id FOREIGN KEY (user_id) REFERENCES public.auth_user(id) DEFERRABLE INITIALLY DEFERRED;


--
-- TOC entry 3752 (class 2606 OID 18837)
-- Name: auth_user_user_permissions auth_user_user_permi_permission_id_1fbb5f2c_fk_auth_perm; Type: FK CONSTRAINT; Schema: public; Owner: postgres
--

ALTER TABLE ONLY public.auth_user_user_permissions
    ADD CONSTRAINT auth_user_user_permi_permission_id_1fbb5f2c_fk_auth_perm FOREIGN KEY (permission_id) REFERENCES public.auth_permission(id) DEFERRABLE INITIALLY DEFERRED;


--
-- TOC entry 3753 (class 2606 OID 18842)
-- Name: auth_user_user_permissions auth_user_user_permissions_user_id_a95ead1b_fk_auth_user_id; Type: FK CONSTRAINT; Schema: public; Owner: postgres
--

ALTER TABLE ONLY public.auth_user_user_permissions
    ADD CONSTRAINT auth_user_user_permissions_user_id_a95ead1b_fk_auth_user_id FOREIGN KEY (user_id) REFERENCES public.auth_user(id) DEFERRABLE INITIALLY DEFERRED;


--
-- TOC entry 3754 (class 2606 OID 18847)
-- Name: datasets_dataset datasets_dataset_data_type_id_282dbe08_fk_data_type_datatype_id; Type: FK CONSTRAINT; Schema: public; Owner: postgres
--

ALTER TABLE ONLY public.datasets_dataset
    ADD CONSTRAINT datasets_dataset_data_type_id_282dbe08_fk_data_type_datatype_id FOREIGN KEY (data_type_id) REFERENCES public.data_type_datatype(id) DEFERRABLE INITIALLY DEFERRED;


--
-- TOC entry 3755 (class 2606 OID 18852)
-- Name: datasets_dataset datasets_dataset_download_method_id_693a61e4_fk_download_; Type: FK CONSTRAINT; Schema: public; Owner: postgres
--

ALTER TABLE ONLY public.datasets_dataset
    ADD CONSTRAINT datasets_dataset_download_method_id_693a61e4_fk_download_ FOREIGN KEY (download_method_id) REFERENCES public.download_method_downloadmethod(id) DEFERRABLE INITIALLY DEFERRED;


--
-- TOC entry 3756 (class 2606 OID 18857)
-- Name: django_admin_log django_admin_log_content_type_id_c4bce8eb_fk_django_co; Type: FK CONSTRAINT; Schema: public; Owner: postgres
--

ALTER TABLE ONLY public.django_admin_log
    ADD CONSTRAINT django_admin_log_content_type_id_c4bce8eb_fk_django_co FOREIGN KEY (content_type_id) REFERENCES public.django_content_type(id) DEFERRABLE INITIALLY DEFERRED;


--
-- TOC entry 3757 (class 2606 OID 18862)
-- Name: django_admin_log django_admin_log_user_id_c564eba6_fk_auth_user_id; Type: FK CONSTRAINT; Schema: public; Owner: postgres
--

ALTER TABLE ONLY public.django_admin_log
    ADD CONSTRAINT django_admin_log_user_id_c564eba6_fk_auth_user_id FOREIGN KEY (user_id) REFERENCES public.auth_user(id) DEFERRABLE INITIALLY DEFERRED;


--
-- TOC entry 3767 (class 2606 OID 18936)
-- Name: main_menu_mainmenu_content main_menu_mainmenu_c_mainmenu_id_dca45c4f_fk_main_menu; Type: FK CONSTRAINT; Schema: public; Owner: postgres
--

ALTER TABLE ONLY public.main_menu_mainmenu_content
    ADD CONSTRAINT main_menu_mainmenu_c_mainmenu_id_dca45c4f_fk_main_menu FOREIGN KEY (mainmenu_id) REFERENCES public.main_menu_mainmenu(id) DEFERRABLE INITIALLY DEFERRED;


--
-- TOC entry 3766 (class 2606 OID 18948)
-- Name: main_menu_mainmenu main_menu_mainmenu_theme_id_8aba8ba7_fk_theme_theme_id; Type: FK CONSTRAINT; Schema: public; Owner: postgres
--

ALTER TABLE ONLY public.main_menu_mainmenu
    ADD CONSTRAINT main_menu_mainmenu_theme_id_8aba8ba7_fk_theme_theme_id FOREIGN KEY (theme_id) REFERENCES public.theme_theme(id) DEFERRABLE INITIALLY DEFERRED;


--
-- TOC entry 3768 (class 2606 OID 18929)
-- Name: main_menu_mainmenu_content main_menu_submenu1_c_webproduct_id_0a8e9726_fk_webapp_pr; Type: FK CONSTRAINT; Schema: public; Owner: postgres
--

ALTER TABLE ONLY public.main_menu_mainmenu_content
    ADD CONSTRAINT main_menu_submenu1_c_webproduct_id_0a8e9726_fk_webapp_pr FOREIGN KEY (webproduct_id) REFERENCES public.webapp_product_webproduct(id) DEFERRABLE INITIALLY DEFERRED;


--
-- TOC entry 3769 (class 2606 OID 18975)
-- Name: plotter_plotter plotter_plotter_layer_id_id_0559929d_fk_layer_web; Type: FK CONSTRAINT; Schema: public; Owner: postgres
--

ALTER TABLE ONLY public.plotter_plotter
    ADD CONSTRAINT plotter_plotter_layer_id_id_0559929d_fk_layer_web FOREIGN KEY (layer_id_id) REFERENCES public.layer_web_map_layerwebmap(id) DEFERRABLE INITIALLY DEFERRED;


--
-- TOC entry 3758 (class 2606 OID 18867)
-- Name: submenu_1_submenu1_children submenu_1_submenu1_c_submenu1_id_04ec4243_fk_submenu_1; Type: FK CONSTRAINT; Schema: public; Owner: postgres
--

ALTER TABLE ONLY public.submenu_1_submenu1_children
    ADD CONSTRAINT submenu_1_submenu1_c_submenu1_id_04ec4243_fk_submenu_1 FOREIGN KEY (submenu1_id) REFERENCES public.submenu_1_submenu1(id) DEFERRABLE INITIALLY DEFERRED;


--
-- TOC entry 3759 (class 2606 OID 18872)
-- Name: submenu_1_submenu1_children submenu_1_submenu1_c_submenu2_id_e6bac35e_fk_submenu_2; Type: FK CONSTRAINT; Schema: public; Owner: postgres
--

ALTER TABLE ONLY public.submenu_1_submenu1_children
    ADD CONSTRAINT submenu_1_submenu1_c_submenu2_id_e6bac35e_fk_submenu_2 FOREIGN KEY (submenu2_id) REFERENCES public.submenu_2_submenu2(id) DEFERRABLE INITIALLY DEFERRED;


--
-- TOC entry 3760 (class 2606 OID 18877)
-- Name: submenu_2_submenu2_children submenu_2_submenu2_c_submenu2_id_9455ecc5_fk_submenu_2; Type: FK CONSTRAINT; Schema: public; Owner: postgres
--

ALTER TABLE ONLY public.submenu_2_submenu2_children
    ADD CONSTRAINT submenu_2_submenu2_c_submenu2_id_9455ecc5_fk_submenu_2 FOREIGN KEY (submenu2_id) REFERENCES public.submenu_2_submenu2(id) DEFERRABLE INITIALLY DEFERRED;


--
-- TOC entry 3761 (class 2606 OID 18882)
-- Name: submenu_2_submenu2_children submenu_2_submenu2_c_submenu3_id_7ed52edc_fk_submenu_3; Type: FK CONSTRAINT; Schema: public; Owner: postgres
--

ALTER TABLE ONLY public.submenu_2_submenu2_children
    ADD CONSTRAINT submenu_2_submenu2_c_submenu3_id_7ed52edc_fk_submenu_3 FOREIGN KEY (submenu3_id) REFERENCES public.submenu_3_submenu3(id) DEFERRABLE INITIALLY DEFERRED;


--
-- TOC entry 3762 (class 2606 OID 18887)
-- Name: submenu_3_submenu3_content submenu_3_submenu3_c_submenu3_id_8fdfc183_fk_submenu_3; Type: FK CONSTRAINT; Schema: public; Owner: postgres
--

ALTER TABLE ONLY public.submenu_3_submenu3_content
    ADD CONSTRAINT submenu_3_submenu3_c_submenu3_id_8fdfc183_fk_submenu_3 FOREIGN KEY (submenu3_id) REFERENCES public.submenu_3_submenu3(id) DEFERRABLE INITIALLY DEFERRED;


--
-- TOC entry 3763 (class 2606 OID 18892)
-- Name: submenu_3_submenu3_content submenu_3_submenu3_c_webproduct_id_981f4287_fk_webapp_pr; Type: FK CONSTRAINT; Schema: public; Owner: postgres
--

ALTER TABLE ONLY public.submenu_3_submenu3_content
    ADD CONSTRAINT submenu_3_submenu3_c_webproduct_id_981f4287_fk_webapp_pr FOREIGN KEY (webproduct_id) REFERENCES public.webapp_product_webproduct(id) DEFERRABLE INITIALLY DEFERRED;


--
-- TOC entry 3764 (class 2606 OID 18897)
-- Name: task_download_taskdownload task_download_taskdo_dataset_id_id_e378272c_fk_datasets_; Type: FK CONSTRAINT; Schema: public; Owner: postgres
--

ALTER TABLE ONLY public.task_download_taskdownload
    ADD CONSTRAINT task_download_taskdo_dataset_id_id_e378272c_fk_datasets_ FOREIGN KEY (dataset_id_id) REFERENCES public.datasets_dataset(id) DEFERRABLE INITIALLY DEFERRED;


--
-- TOC entry 3765 (class 2606 OID 18902)
-- Name: webapp_product_webproduct webapp_product_webpr_layer_information_id_3e4aefb2_fk_layer_web; Type: FK CONSTRAINT; Schema: public; Owner: postgres
--

ALTER TABLE ONLY public.webapp_product_webproduct
    ADD CONSTRAINT webapp_product_webpr_layer_information_id_3e4aefb2_fk_layer_web FOREIGN KEY (layer_information_id) REFERENCES public.layer_web_map_layerwebmap(id) DEFERRABLE INITIALLY DEFERRED;


-- Completed on 2025-01-20 16:23:49 +12

--
-- PostgreSQL database dump complete
--

